IntSoc,IntSoc.lower,IntSoc.upper,ID,density,IntSurvSoc,IntSurvSoc.lower,IntSurvSoc.upper,IntPSi,IntPSi.lower,IntPSi.upper,IntSurv,IntSurv.lower,IntSurv.upper
0.0681203078016032,-1.01981759772073,1.30472551075073,mr2009a01,Low density,1.53766209814479,-151.854020218093,183.894790054535,-0.132923324962238,-1.20035856777341,1.00641444116849,3.15444243886254,-137.920960292589,172.056640884704
-0.133196214112396,-1.25724617183928,0.742795942663017,mr2009a02,Low density,21.406707187142,-114.18195763086,197.596333432456,0.22837115112687,-0.641944306287606,1.28793057310209,18.8110787779635,-116.525214025178,181.723359643777
-0.0983628509024771,-1.14328891872146,0.832344328836527,mr2009a03,Low density,-7.97497847790254,-148.998106773485,119.768447191459,0.107992827786708,-0.837133970974058,0.984867521181118,-9.53517700532476,-154.086647524097,117.185849764767
0.185139630599335,-0.832816104841211,1.32051048378964,mr2009a04,Low density,6.60154734891823,-151.733887932802,161.433147950738,0.15584849638911,-0.789088734512944,1.20443933432527,12.9785721191521,-115.300564575332,174.845320258379
0.00367092435243208,-0.933619100756642,0.915812790435358,mr2009a06,Low density,6.51483766151936,-113.436143192546,154.569603858139,0.285542941361657,-0.571739756592974,1.17239906505417,10.6347527004731,-115.774813806698,149.347301677487
-0.0123810106207717,-0.918960283262038,0.990036451927029,mr2009a07,Low density,-2.75901780203597,-140.894566877509,134.869618270732,0.279596835488555,-0.621659824267923,1.2462464508122,-0.00958069769520357,-161.421654142517,126.859513592957
0.166969043048234,-0.737586573195346,1.38469580805541,mr2009a08,Low density,-26.0972480336233,-201.073388821271,112.071463365659,0.0964067949162046,-0.798047570970047,1.08108212519608,-20.3626637390669,-197.910690445361,116.140454164278
0.151515127570868,-0.774994295263251,1.16257223957524,mr2009a09,Low density,0.354659625065143,-155.639380717106,134.588568867648,0.109849941787651,-0.714200198122562,1.02038574395115,7.58455427243453,-118.667079065998,142.497607678599
-0.0701991054593056,-1.24672785062215,0.941158720118663,mr2009a10,Low density,21.423650517984,-123.336896404964,190.747240714179,0.186107787406591,-0.767188063075882,1.23338603201801,20.076635609379,-118.079520650258,194.888044353316
0.0308639873202689,-0.962902139317341,1.06645175789564,mr2009a11,Low density,16.8213380547105,-108.630079404373,205.070870030172,-0.273546006612968,-1.35604653483605,0.583501279947326,17.4712979859343,-105.668267994058,189.213805642212
-0.154113579443118,-1.48841143719498,0.905919266097349,mr2009a13,Low density,10.5446008346495,-146.104467670836,190.178297237701,0.296868373395869,-0.823889150455496,1.42054331448544,7.3221801746117,-137.610426771071,173.155068342104
-0.0974864397331739,-1.18061782978312,0.871018217951789,mr2009a14,Low density,-2.65116504575774,-141.729463571586,138.17580314584,-0.462690587201236,-1.48025158541504,0.457682982277111,-8.63900545996147,-160.107205573463,128.186796617565
-0.0676201661522403,-1.18802779683912,0.94067541185126,mr2009a15,Low density,-8.02017885728295,-171.821811630481,141.434153315821,-0.151000130145566,-1.10991754414692,0.883413080502777,-15.1189155864419,-171.339343997445,106.834344999023
-0.118890534878312,-1.1617425543011,0.855167645707105,mr2009a16,Low density,20.4977743906019,-103.551608722544,201.91840949989,0.414434203456529,-0.513194985626757,1.47963325036646,21.5410493455672,-102.181966879915,205.178443546615
0.0866466350661491,-0.884348041638443,1.20318339802135,mr2009a17,Low density,-13.9904006585701,-187.113537545994,115.180695490409,-0.504551408725148,-1.61409608284576,0.489167783315805,-16.4124324205687,-177.641394974754,141.021949746427
-0.00841226885121501,-1.14989342925734,0.959154718111471,mr2009a18,Low density,17.022058050479,-128.03281043563,182.478719742454,0.351668122422892,-0.589094232343796,1.33040703502314,18.0755769843712,-114.419630881145,191.229586497297
0.0529054441576546,-0.844131515018119,1.2311517563946,mr2009a21,Low density,-9.43465630909463,-180.891602622274,124.554301714525,0.139548431912996,-0.816162328927243,1.15960371969519,-8.91595082491556,-159.453785029034,127.467761520841
-0.249687242476599,-1.47714528170256,0.723536502725343,mr2009a24,Low density,26.9105583379985,-110.648550450003,214.74039143407,-0.0581939219856336,-0.922790046766215,0.964905859375991,16.3874860796283,-113.253933003809,182.514102755361
0.146493947410808,-0.782777166763066,1.16930470936279,mr2009a25,Low density,-17.7978094584664,-169.122911783536,107.856513992996,0.0956457311633362,-0.787649293854611,0.944630166883235,-11.8767600199826,-152.656734762283,106.535317763924
-0.234269348872583,-1.47627920117926,0.710207366431732,mr2009a26,Low density,17.8313728478791,-116.524419338719,210.753401305217,-0.0225851590583143,-1.14962534135829,0.934066975610884,11.8356665845533,-115.37334543887,182.618014455404
0.121216150016385,-0.893151064834309,1.13712360314333,mr2009a27,Low density,-13.9513923923878,-170.109575356122,130.674362173736,0.193266095748031,-0.870491635245852,1.17487420314511,-9.74141885924745,-174.128088805513,122.576783060363
-0.12912964216622,-1.22657952295158,0.823962382219547,mr2009a28,Low density,-2.20291946150644,-141.505447721135,157.128233436072,0.225433346857364,-0.778973361199945,1.24170932196893,-5.95352427960403,-165.599302044904,128.475032746519
-0.0987408540264724,-1.28827201009014,0.972027692553484,mr2009a29,Low density,12.1636687189191,-135.096603655898,193.581310254614,-0.00774840776390322,-1.04767225713194,1.13717459991377,8.24875734100611,-119.960445913084,179.46574717796
0.11319962315936,-0.811887899708882,1.32273196982418,mr2009a30,Low density,-10.9641284304351,-169.828365029719,130.157828443747,0.184383628988055,-0.716188881061684,1.20660107609924,-2.88443314198804,-151.862114221295,124.487035621126
-0.21436134019808,-1.33775574948188,0.760857766842664,mr2009a31,Low density,28.0841155736686,-113.616498913123,222.750029018852,-0.492609858054304,-1.6119516261042,0.396280963460195,18.188237263402,-123.941904889601,225.015781767281
0.00450732573260072,-1.10646482365258,1.12908279810759,mr2010a01,Low density,7.12901060828948,-139.731149483838,193.711451841299,0.11461411342101,-0.944217139940532,1.21012737877852,11.5940283747853,-142.064656312939,165.367955242494
-0.17487139949068,-1.4511681450275,0.893247883340388,mr2010a03,Low density,16.0534951073178,-149.385076049864,189.40761780548,0.140604805982255,-0.972374787068556,1.24056148837272,10.6338821355687,-133.164296959196,188.872610533125
-0.237482226569341,-1.3855723673564,0.808900140296953,mr2011a01,Low density,28.2930991745793,-116.120442679019,213.444912419933,0.26823219374326,-0.626170351438736,1.39653311595716,21.3410918339153,-123.524824543886,187.945540241377
0.0780695552247821,-0.930919710778564,1.24081551101315,mr2011a02,Low density,-15.4715857331697,-187.36915325147,143.689799118971,0.20797278104837,-0.784962453382839,1.41321270159143,-15.4303948903161,-195.114095958094,121.418450657665
0.17869199474432,-0.86228439915917,1.43271292961252,mr2011a03,Low density,-20.8742596626045,-217.683900282108,129.060589347075,0.0464153500746785,-1.05830037237981,1.11117276272256,-17.663792481029,-190.222346134692,122.407469400734
0.0986349373926636,-1.00860117725239,1.23802403839484,mr2011a04,Low density,-30.1994095334239,-211.951294161081,114.926459713135,-0.303913565604837,-1.33336979033591,0.661671030499836,-28.929377836179,-200.313544966163,110.904039421482
0.15693341631742,-0.841551817658202,1.43742975581706,mr2011a05,Low density,-24.3092349702627,-210.147719743938,137.336996810651,-0.247874565147492,-1.43775420929388,0.733168815069791,-17.5363969574575,-190.024025972956,119.674565012222
0.126700200687051,-0.799085236524402,1.51084416017606,mr2011a06,Low density,-22.5408732527341,-199.36412775829,142.200225202881,0.0130265506678666,-1.09148982548341,1.14164188375899,-15.4548612848673,-194.57901666478,123.700060927013
0.176241265328563,-0.962994066242919,1.36224474728238,mr2012a01,Low density,-20.9928898967862,-195.252783923023,128.131489099014,-0.659080411748418,-1.98293360721626,0.44261961747441,-22.9486952336391,-202.069960290749,163.573327591593
0.00489270031068325,-1.24482315978685,1.04221800762219,mr2012a02,Low density,9.79609984714648,-123.225145593555,191.278119367222,-0.403946416462475,-1.5662204794051,0.661468939678925,7.84310889137978,-144.944728733075,182.229506310766
-0.0752896999212501,-1.25538695259442,0.971937584674158,mr2012a03,Low density,15.6516559021151,-152.492600738521,169.569106439891,0.256582185996205,-0.798614280238373,1.43655042097416,14.8094077194045,-135.483817233624,177.411242489384
0.0753364233146677,-0.906451558721056,1.31357319405387,mr2012a04,Low density,-16.4506832795295,-187.73361181783,140.444227880043,0.0268258566957831,-1.00976553068205,1.12656636288381,-11.8991362980591,-176.849499702129,125.099641933153
0.00721913772436661,-1.09276739585092,1.08998266901091,mr2012a05,Low density,13.3409680936985,-124.929104248951,184.776523222796,-0.0431774120378692,-1.08533878921739,1.12519798004849,10.7332044313807,-128.762259834165,182.007257487539
0.0103273315913142,-1.03970915101211,1.22030962020003,mr2012a06,Low density,-17.3850377998089,-219.200257930739,115.472734439713,0.216104658801072,-0.924322678804686,1.27880618450348,-11.9879952596346,-187.689849533492,127.657530871846
0.100869296365815,-0.94973619671982,1.34614887606319,mr2013a15,Low density,-19.362706641863,-212.076316731964,130.474992323852,-0.818346208642273,-2.24787122681038,0.353231694866509,-21.5967028647767,-228.80480843819,149.101345776694
-0.162304516426499,-1.43796857112068,0.920135677983552,sc2006001,Low density,-4.54803203790134,-171.743033268921,159.183857243687,0.462003405410144,-0.672889910892691,1.73488946876126,-10.1754769816899,-185.145361654984,157.907059779256
-0.326624264522122,-1.67245006419896,0.674468072620167,sc2006002,Low density,26.1834693480321,-112.244853737087,236.890700164775,0.175098295271025,-0.914826286043192,1.30313505891344,13.8122251415759,-138.820774019781,176.225840460343
-0.0721271060418532,-1.15066902023003,1.07816824288122,sc2006004,Low density,-9.25910023905826,-188.206768426697,145.768096337033,0.0950059442916073,-0.944033153944239,1.22100211944638,-9.36027758532771,-184.14113681705,129.788535800239
0.0104665404375509,-1.05764168905465,0.996167618097996,sc2006007,Low density,-4.36233985244069,-136.893288248745,162.653340243317,-0.297322840863341,-1.28938562460121,0.589127297215122,-5.72669337637024,-150.286515737547,130.662283067346
0.162015796943755,-0.857982092567085,1.17255557055005,sc2006008,Low density,-5.08859560778497,-149.724425829886,155.054946934386,-0.302912438474735,-1.37961055381049,0.646146710057841,-2.31751959874645,-168.66223759205,136.192780519711
-0.0871080027667099,-1.094187827235,0.979491302181948,sc2006010,Low density,3.16684168022002,-134.544853403793,165.283148923252,0.447586608730074,-0.504218925120647,1.5177760128111,3.01131151483034,-140.306792861016,171.89464797876
0.0680101304768366,-0.942359785343183,1.14864051323192,sc2006011,Low density,-28.936299157276,-217.206802290724,106.676302775329,0.156865735119213,-0.812243408984669,1.19600924543823,-22.5984507976369,-198.728276147847,101.702604691687
0.133137918696464,-0.711253512006644,1.20645839527572,sc2006015,Low density,22.5132443828749,-121.276203937176,179.236446919843,-0.660637800646751,-1.76847948732783,0.314785431367328,19.7990321048297,-117.586423101445,225.317650715814
-0.0942279401123755,-1.00167130324856,0.765922988677332,sc2006016,Low density,16.285904391794,-116.907463484663,163.402001554303,0.0969343880675492,-0.692521335378373,0.984319570894835,13.4772754759662,-106.705619423126,142.425416572638
-0.138602560849874,-1.26812250334409,0.784629393425499,sc2006017,Low density,31.4594809093797,-108.645145033266,208.218275624047,0.191218845784311,-0.742801630599412,1.05591179448514,29.5099338810263,-86.9534131681419,196.448108140233
0.00193781470173241,-0.931435678152958,1.03133605789877,sc2006018,Low density,-31.0808275468352,-200.143340627478,110.820590938566,-0.065693752409258,-0.963571974331597,0.826900135534251,-29.3188719739251,-206.014326093186,86.5247511676233
0.124651947488171,-1.11124177738906,1.31082899105557,sc2006019,Low density,-23.3913563033563,-205.681415361689,127.070795675144,0.337227207798476,-0.811912007465632,1.49296059351936,-16.8403654327217,-198.807939063764,145.224581248594
0.0380315592706889,-0.874002319881898,1.18002120790358,sc2006028,Low density,1.37994448548867,-154.816281208129,140.789942987403,0.860012162796321,-0.253427125159513,2.15048149876964,6.27788934014507,-185.660729903042,173.394378293725
0.0394488656144229,-0.947171995467696,1.36797178508538,sc2006036,Low density,-25.8898062066221,-223.099221374714,102.716480486978,-0.346801961313443,-1.44436219498704,0.680548526193478,-27.9967972090208,-212.144926250728,104.849570859042
0.0901402503093253,-0.878641442510631,1.14979418031321,sc2006037,Low density,-9.56732409922195,-180.617869107556,119.524919844007,-0.353331613256549,-1.41570944233373,0.558090935484446,-6.91666684889702,-153.606797258113,133.489475607535
-0.185587699872428,-1.18460433902777,0.606028715244942,sc2006039,Low density,18.4826511103236,-115.201862836259,153.534674889306,0.120527776757131,-0.7177397424564,0.947849316906612,14.3190249572553,-102.922018171928,153.027002069265
0.0235006536946371,-1.00290396711475,1.23784953689083,sc2006047,Low density,-13.8419620131365,-188.210019854104,132.830486928989,0.369423245442393,-0.67732358324125,1.61427286949552,-10.4081904213488,-182.064372824669,143.134500906906
-0.166945294742109,-1.30845033263442,0.787087068810884,sc2006051,Low density,27.3937742248551,-130.301942828374,197.107222306476,0.0393428418200347,-0.89785435825505,1.03522983814257,19.4863754490955,-104.688684022967,181.887379132836
-0.117685987855801,-1.33012097718254,0.999626565950289,sc2006060,Low density,12.2065283139139,-155.185863223544,185.014270703684,-0.568676782102035,-1.85590111858231,0.528343090132945,2.62875097694428,-166.490052260895,177.87968373265
0.0285927444693973,-0.968129774321177,0.98315444409126,sc2006067,Low density,-4.88666439965839,-154.194507973352,142.725682917416,-0.617283675037453,-1.73378511410743,0.390593468332959,-10.7257630858695,-168.187243128931,154.916128539369
-0.0127063285268712,-1.18215886590288,0.967064627701999,sc2006069,Low density,24.3090753014126,-119.552548270553,216.261811307958,0.717886892740988,-0.41662599604002,1.84531746558196,28.2604721366858,-121.3887583711,222.174070110316
-0.146463407521444,-1.20512119730799,0.632934042935147,sc2006072,Low density,12.077069845009,-115.303888948931,150.838524186693,-0.215308157777485,-1.08732105628153,0.673998020616976,5.47236095681459,-116.166006385177,150.557365049209
-0.188625871443558,-1.27949401735658,0.834211433078477,sc2006086,Low density,0.825898545939984,-162.113818730792,143.938870656797,0.35195687461821,-0.529584435458712,1.47751071788742,-3.99165504861534,-169.515289552107,138.586883111426
-0.0370446246755243,-1.15450235212803,1.19168265629058,sc2007006,Low density,-12.0226694847781,-205.959039445807,124.10391850845,-1.0481100140853,-2.51127225103993,0.329388425976178,-21.7850775775343,-232.565524203698,162.504072351882
-0.290637624907995,-1.6338025516627,0.767683786119364,sc2007007,Low density,24.2047684375454,-120.496937425384,225.594621541737,-0.205254825604868,-1.47004802936693,0.918939943506559,11.4834200937244,-130.64659169886,199.994694277792
0.335005063998682,-0.700175062578089,1.55823160923042,sc2007014,Low density,-15.3493060119942,-199.055833286366,128.667855600835,-0.0700040697519058,-1.03001538693473,0.940276594886572,-3.90638621788847,-145.128481316073,133.860621896738
0.0690000384151331,-1.05112109650312,1.23177526555706,sc2007016,Low density,8.47328274996246,-144.429989673109,179.098940406548,-0.0804617979295101,-1.26087035147413,0.970702355747081,12.7032189545314,-121.396540256844,186.995488225761
-0.260619066887086,-1.54869888154164,0.822782504760923,sc2007018,Low density,21.8672353980923,-130.280791959778,217.96179647355,0.456218678526022,-0.599058155417155,1.78914158110813,16.5927240365417,-123.269768006657,201.50670802007
0.390580122801926,-0.655572657214759,1.62723663962961,sc2007020,Low density,-10.685127448333,-205.033084154359,129.659880757414,-0.488938204126529,-1.5977829385477,0.466584629301734,-4.62344352554392,-153.533003742676,146.020413255495
-0.0609190508177816,-1.15317333919195,0.892422576585685,sc2007028,Low density,3.91052284763734,-145.949467932106,158.089386516844,0.237632425179002,-0.689690692883873,1.20509240250325,1.40374033650146,-162.337771669624,127.029297504861
-0.0478877166525534,-1.12254364780962,0.894624813207347,sc2007032,Low density,-1.33269099011408,-139.454811097585,155.24307613364,0.034208797547134,-0.948905610486317,0.925204481162663,-4.88552654168393,-140.238929877772,134.444662821464
0.1238570284319,-0.848863328412179,1.28248202310181,sc2007034,Low density,-26.8872873278296,-208.595405153143,112.187619715266,0.485679930627355,-0.645713246261991,1.5488539253717,-16.5049395766936,-209.680964124651,135.327971041328
1.50133458304478,-0.125627336679209,4.52641961538204,sc2007036,Low density,-95.404188418076,-505.960934222236,166.133990523691,-0.17450935462591,-1.12287780170244,0.870762573021294,-48.1376242166932,-255.400088744951,95.6884630520668
0.001874405462346,-1.05772824132416,1.10849755495002,sc2007038,Low density,18.3095587604452,-117.711774083073,203.336995937115,-1.44862248078905,-2.99679649847761,0.202246983986955,7.08722257617512,-209.324909105369,278.783587687007
-0.0133498088208367,-1.06289034648999,0.94981684311364,sc2007041,Low density,-3.67787768214992,-164.826304061526,135.384260514469,-0.185326179720264,-1.21539754577774,0.773399641687731,-7.15119176776421,-134.246838253945,145.883312443158
0.128695498103535,-0.917884837030181,1.24065745152058,sc2007044,Low density,18.8961656127427,-145.676803163675,188.639543779257,0.410223759553055,-0.6869800306244,1.41909490981231,25.5108586035632,-122.055525360596,209.234388633015
0.193670855796994,-0.902384255957808,1.41394191673944,sc2007046,Low density,15.5204765280089,-130.670693425662,197.477800764678,-0.216187227997776,-1.27807388199761,0.744713047424463,20.7380138956116,-115.171965824607,190.81796553699
-0.087257528565846,-1.34385444447793,1.00432952813324,sc2007048,Low density,-10.0864681714744,-180.013501252619,155.12749084899,0.358259549365264,-0.659662155464057,1.67619056990782,-7.46404413088938,-186.835477229722,143.902587773185
0.0854140538111058,-0.917467177673317,1.04308469207585,sc2007055,Low density,-14.772671565704,-167.863050177211,123.057386182779,-0.123036864175924,-1.19568141079955,0.897696686226806,-12.513079456172,-160.010638030755,119.789670190334
-0.368046517173462,-1.59372645431918,0.493523881063702,sc2007058,Low density,40.9873279010662,-91.134189897097,244.38297902365,0.291579640807807,-0.540728610410883,1.27296282025605,31.3999417056955,-98.8108788211514,204.612790300449
-0.12898831207486,-1.41804898350764,0.85246039137444,sc2007062,Low density,17.7524717423132,-126.817684461788,206.648601751038,0.000978572692601508,-1.13567466481282,1.1236236431941,15.492206033196,-111.580534752479,192.348550714988
-0.200061707046602,-1.31208022358767,0.875430722170185,sc2007063,Low density,25.2602747019056,-131.065267028427,212.731406805827,-0.142413908882428,-1.36862983891243,0.87726817950454,18.3364544880522,-123.070227656704,209.397070024394
-0.154265788696935,-1.52087814392049,0.772094954668273,sc2007066,Low density,17.5878605871757,-134.607320334261,195.042250547736,-0.604486360882201,-1.98744667795099,0.480363520590123,3.31490160762255,-172.296572109872,201.019243982686
-0.0286430823807407,-1.05036186360537,0.963085981053579,sc2007067,Low density,9.26484607143486,-120.693230791421,151.330323601004,0.130748822748784,-0.855578591360863,1.16103599697559,8.23827698249126,-121.110828855051,155.354434349727
0.307477665327932,-0.622154714252828,1.76742695743323,sc2007073,Low density,-37.262297076162,-254.645124754558,104.196152712761,0.229249805913759,-0.989596955333324,1.44459172790601,-25.4688384531945,-235.654370767577,124.652775569239
0.242956183190454,-0.931457553250439,1.43248035927944,sc2007074,Low density,-33.1795135493007,-253.249843125199,107.809807560319,0.0447786273811404,-1.07897327703638,1.18363820127674,-24.5640037773243,-226.597564594099,119.817011107003
0.034415605515674,-1.14643888288256,1.19996885752333,sc2007077,Low density,-14.0106436039163,-188.460290289692,137.46418736034,0.0109306117345476,-1.19731337948018,1.14669191697789,-14.2435677487663,-185.881167278694,131.04931320635
0.115568107483257,-0.835652711853155,1.2188417755226,sc2007079,Low density,-18.5791887444683,-189.397986240526,119.017222601761,0.181515923304912,-0.822291863612351,1.27184033227465,-10.6496883210644,-165.474129753563,114.348297241283
-0.219808059313936,-1.55175241296449,0.744284915015325,sc2007085,Low density,24.8250981371459,-126.349082717244,208.517244215119,-0.109929030369679,-1.23446587555072,1.06207516097817,19.800962762242,-123.40034782165,196.60289605009
-0.211303187115067,-1.44465751589306,0.855718863498407,sc2007086,Low density,23.5006803903179,-111.262457987818,229.83974290853,0.0190629293436829,-1.06520245316946,1.09241138299647,22.7913553750738,-102.68882216442,219.578457580835
-0.0685786491663008,-1.25998773610504,0.804544306843364,sc2007090,Low density,3.12527918214937,-160.097359411879,143.998990367243,0.335043845955578,-0.552105123610969,1.41775763563766,1.37217373554721,-142.323330247487,145.025160759635
-0.353184856953696,-1.64481397588568,0.615070275159778,sc2007100,Low density,26.8555679410582,-116.29408373682,218.902971174877,0.326129174924624,-0.680608352633236,1.34078653264465,17.0732704174581,-130.108935377899,170.483643049922
-0.146262099411181,-1.44238966039688,0.882702498993743,sc2009001,Low density,17.5884353052715,-133.641545685277,189.26057978729,0.221695160962359,-0.852648666235525,1.53054138624202,16.5638521437452,-120.720868588201,190.90633670943
0.156756607455967,-0.898516998610019,1.58006142940723,sc2009006,Low density,-21.6638429870427,-222.300086795072,143.940261451525,0.178990854216118,-0.995542320864893,1.37281363512561,-16.4422632132468,-218.378131568699,120.627671717484
-0.208915013585673,-1.3710636391959,0.607438972403494,sc2009007,Low density,10.2948404613205,-136.50102157,159.59041935149,-0.486494495328659,-1.49568948019488,0.440061519605156,-2.66324630443719,-148.515164500466,154.035306855677
0.105762342541921,-0.879919026289684,1.40632795911152,sc2009008,Low density,-23.0012686138883,-220.872787348201,115.458566930737,0.0478495407528349,-1.05083940895663,1.13277629667963,-17.3561394342919,-188.693807640539,125.753076781949
0.0945785468196943,-0.879807117011947,1.08770218538996,sc2009010,Low density,-19.7045445892136,-189.012499959466,106.229101567686,0.365557803269344,-0.518826049609555,1.42731536669414,-14.3110435901772,-180.184189763614,121.127661616994
0.0309609292165837,-0.483962779994412,0.510599840609104,mr2009a01,High density,40.5833615537225,-384.5820636242,496.527673715278,-0.0892046477110864,-0.966810801306956,0.778667356549972,37.0966495776475,-398.620461894713,461.885737252834
-0.031469129362591,-0.539208444027586,0.4423057099075,mr2009a02,High density,-20.2574430181482,-484.212485978235,414.597734011423,-0.0181660518084965,-0.941279496218586,0.860136875352812,17.8590547652201,-407.723542425891,450.686462198858
0.00924189755428595,-0.449542020791715,0.487320137641594,mr2009a03,High density,51.9611155013676,-300.215660477234,516.084128324189,0.0484447301635224,-0.74807899732797,0.831074364087052,14.0106661495043,-330.566461646611,490.217105687577
-0.0541720543153501,-0.566718369287798,0.423680098806216,mr2009a04,High density,-31.9532168057101,-497.146285378882,391.602036364139,0.0839321781285831,-0.790039738812622,0.951606058984514,5.91108517124153,-449.173174879131,419.686438981475
-0.0521734978514036,-0.58571799657107,0.41453653420481,mr2009a06,High density,3.94666684929149,-362.937252605248,464.003451822869,-0.241714675946321,-1.08163839488715,0.500614119146251,58.1404864936872,-331.680047498934,476.545613701997
-0.0283324272074986,-0.547344646967926,0.439125330123942,mr2009a07,High density,-19.1419429834266,-485.551598140641,412.978786637159,-0.124982416657456,-1.01060920590762,0.716837128746741,33.6284368317567,-390.07710899373,449.326276578599
0.0186055089586199,-0.450326695239584,0.540240345525414,mr2009a08,High density,19.4371734887426,-391.078897895446,499.221929551602,0.0283545968001565,-0.807513718195929,0.90953901668381,18.1597106413312,-416.080483289924,478.864426658815
-0.0266827633173961,-0.506861045764552,0.393486489802308,mr2009a09,High density,-119.588338448444,-568.554696126948,219.496227530332,0.232151698705894,-0.551137201477791,1.02773042992418,-108.744120507555,-508.898066793198,232.956373606648
0.00324275994779536,-0.511643584448624,0.457524120392992,mr2009a10,High density,71.7784112593854,-325.792188383127,489.908389348247,-0.130034039178202,-0.937870720667241,0.718813639957062,93.8994125343674,-254.196052881305,498.416973795956
0.0310126458755632,-0.45309285383362,0.550596413890568,mr2009a11,High density,31.8818275932486,-415.762313042101,476.70547546656,-0.0472704733930076,-0.873894293440056,0.858224682932759,29.7271079495501,-378.756314573801,431.274367874648
0.0196776912436464,-0.489283381488233,0.54269370635974,mr2009a14,High density,-13.2382587064066,-486.511786975718,481.164772859968,0.0374863932388852,-0.833056291434598,0.941863303385375,-72.4384266292747,-507.625239625492,394.89844798538
0.0714722512181847,-0.371939645281016,0.70728808831515,mr2009a15,High density,71.0104562122899,-401.540109668321,517.602520454947,-0.0106939951761424,-0.860495655485514,0.911236850868304,28.2906738359825,-386.947712119285,442.910949458757
0.141498406123639,-0.377902946533977,0.765782462074594,mr2009a16,High density,125.627856105931,-336.713543628029,655.83503349847,-0.132750150158066,-0.997968491998793,0.718397255135141,47.4107011171801,-378.311900511642,506.165481781129
-0.0738327459572077,-0.667980807817441,0.424827971139961,mr2009a17,High density,-52.4307172986409,-519.479465024593,393.101650085421,0.0222451698753886,-0.869488382363219,0.871854228732991,14.1991761167349,-443.569644708177,396.303896999128
0.0473464764756132,-0.412724658782997,0.594841515718278,mr2009a18,High density,51.9165991861364,-418.585418147284,483.614953868718,-0.0801374165059853,-0.981550546734165,0.759699937964513,34.8001806983331,-387.804661133482,486.431868925022
-0.0377379847132978,-0.558058446507534,0.400115503875481,mr2009a24,High density,-18.9133902562166,-475.340672966998,401.638752567992,0.0345267151539761,-0.834391104086217,0.933193297991375,17.632548022135,-421.411408352035,414.580169045643
-0.0451947237682242,-0.541424488537857,0.421335545580463,mr2009a25,High density,-127.614746660101,-585.866778607973,209.785013521536,0.034801553700958,-0.735881827272556,0.784882541171401,-85.749091559616,-454.720299228992,286.68326937282
0.030607660389476,-0.457682076665741,0.574040933198756,mr2009a26,High density,39.2731353867136,-417.107135167008,495.746832327433,-0.0198369900052204,-0.935457982113735,0.852361444529482,24.025001546464,-398.368308773614,454.181803868154
0.0309831402231626,-0.482314642821311,0.530194974865328,mr2009a27,High density,2.47551465071947,-442.204140591347,539.348412714525,0.0430321142463241,-0.881447704558807,0.913653103674456,-67.6308592318366,-514.372100494242,382.399405920352
-0.0203834923860886,-0.533127893481763,0.47743817724772,mr2009a31,High density,60.069468687752,-289.433176226545,521.019928701068,-0.197221134137125,-1.01054984168021,0.643502553529599,93.768608755891,-260.446435959645,483.813116144167
-0.00010787667258595,-0.488151089024602,0.532164471226286,mr2011a01,High density,72.6811522775584,-313.627778792426,493.117201480998,-0.018193726594394,-0.789187518027258,0.800064055853989,61.2692477856441,-291.342463622505,459.683333605196
-0.0636449262297897,-0.634733668704969,0.40158955594957,mr2011a04,High density,-133.948530677977,-586.317627337348,232.759354900229,0.202729766439331,-0.592580539228593,1.0487360127889,-135.934192938658,-554.998999634462,213.762340028119
-0.0665013985363511,-0.617040261358606,0.399980206227072,mr2012a01,High density,-133.376516724319,-588.763122099482,230.113443105732,0.141579789251892,-0.627036102710924,1.04156286963454,-132.545170725643,-533.415333677174,216.582455758142
0.0649473283430929,-0.400156712074725,0.615784030168425,mr2012a02,High density,99.1626282904026,-251.915831691712,523.770143769049,-0.0332374507064616,-0.809274780838054,0.774419824484074,74.7717005987126,-295.166403210287,458.08162975631
0.00951997015937077,-0.442739336144683,0.501840905926528,mr2012a03,High density,74.9152019817628,-293.619192234032,514.99150660421,-0.0700977706599226,-0.892966995642631,0.760883579238252,83.1633804584193,-279.339028226177,479.675780351579
-0.0754925221324581,-0.612652763598408,0.412944341350192,mr2012a04,High density,-135.963828581126,-587.195183830693,224.596954205092,0.221671776851544,-0.61484047728034,1.08823518156712,-140.120738377949,-561.305993461352,197.285487523936
0.0745867271777475,-0.395906959077058,0.67786448196478,mr2012a05,High density,116.55479098601,-292.103043857018,547.144761604297,0.0297227382581145,-0.793114447009326,0.847334869114205,68.6303412805522,-295.265372869954,462.316411891524
-0.0161836993510145,-0.497633912394956,0.499492984485734,mr2012a06,High density,-117.5113429961,-603.494080045539,232.675790001024,0.103374479067317,-0.695060572917394,0.974566941888585,-116.603933073236,-500.837689111049,227.212295912822
0.0100511548159092,-0.488481268781528,0.438678534904949,sc2006001,High density,170.191101243856,-138.629663597563,554.057958173442,0.148015631006037,-0.528438944528387,0.943806720762819,111.772983484926,-197.639437046543,437.271266527013
0.0862368308887632,-0.333607740975239,0.703386349357183,sc2006002,High density,-129.853210356053,-537.660836301954,192.80491225135,0.297340341163836,-0.442256387995897,1.01136526323526,-165.432926784865,-543.703746080271,139.968616653526
-0.0989581339654058,-0.634128878015078,0.289328231156707,sc2006004,High density,-188.211590690024,-573.173819562538,142.284782853046,-0.0848719542756938,-0.831137474209285,0.657310754459903,-121.856931894647,-469.421947520525,187.518899117293
-0.0579251787634698,-0.589349622230127,0.403223991494102,sc2006007,High density,-85.1030628524245,-484.063407162334,337.255969529072,0.373947277993423,-0.429512464222342,1.2211971439307,-141.750389002066,-587.814234164553,195.33924140676
-0.0113953012298574,-0.421596468728295,0.413124831532994,sc2006011,High density,-16.9362380735929,-283.408336578237,285.039235556579,0.542635747264157,-0.113712184213603,1.29189295237756,-98.4774560926567,-373.24929657289,175.83624751794
-0.0180552747881581,-0.496479157141127,0.423870275431669,sc2006015,High density,68.1068609225975,-280.489036991685,477.842951662064,-0.0678882003067715,-0.749446321077861,0.682995340334087,93.3132691014772,-236.010085941537,461.952114853752
0.0135362642124204,-0.425133614260569,0.461927659033911,sc2006016,High density,-20.7180160077967,-386.173276892468,323.582239637512,0.373830375153999,-0.369894893566939,1.12693845185755,-66.7919285968797,-421.656058346005,256.628286041285
0.0637789826191997,-0.367408897576229,0.6037094412285,sc2006017,High density,89.5381357714761,-284.558017228601,528.273181455338,-0.0262258926582257,-0.832808571600113,0.764375863074297,73.0933161110589,-268.050954417849,481.164118502198
-0.099321443890208,-0.688818622219385,0.317528004077411,sc2006018,High density,-156.485410222253,-663.562836279581,196.569559094452,0.199447260761307,-0.569251337605927,0.975157893107682,-110.813023117165,-494.550231949358,236.685786602718
-0.00589645595164387,-0.565235675937523,0.454439319964243,sc2006019,High density,-52.1813141725689,-512.852439893683,392.583679271624,0.22747347938767,-0.700254196676361,1.10468337331026,-109.125594027157,-558.383141906598,334.587929919291
-0.100237788669938,-0.644821117875635,0.346331910904906,sc2006036,High density,-181.638362062615,-598.335554773206,128.895511996624,0.254042075158401,-0.486298844035897,1.00210989032185,-175.13662751662,-548.322920108288,121.02776861806
-0.0303499150599867,-0.466544688190471,0.418730118924364,sc2006037,High density,-178.160315790322,-519.209125986371,103.296375735449,0.283805163754662,-0.329550823229499,1.02759116094016,-214.108540489023,-571.314388064964,68.6555345492637
0.056702182725548,-0.380265481879614,0.553094417903262,sc2006039,High density,105.238253718924,-230.412281236561,544.988092551615,-0.665575207194802,-1.58268105170332,0.0945085188450097,192.292077367921,-164.756254219525,620.844160792878
-0.0260595793268868,-0.513262087462445,0.375945069777792,sc2006051,High density,98.1181967663331,-192.199158426411,395.220635784126,0.146104837370022,-0.495347714714313,0.843231233116772,62.481832113434,-217.666716971952,340.449035032394
-0.099130072579452,-0.730314283465203,0.343916758921887,sc2006060,High density,-60.9597783364298,-607.447235801735,339.064686017629,-0.103198423476111,-1.01454323068848,0.73360463501833,38.2482792344669,-360.956057873061,464.766848161226
0.249468706625314,-0.287090485347667,1.03187830172245,sc2006066,High density,208.144112370262,-196.828458288204,754.417384365018,-0.200823411640091,-1.0771988762536,0.609688187533403,133.527163710778,-243.012157878109,538.850479889022
-0.112238470047823,-0.73565710911371,0.332746282298103,sc2006071,High density,-152.386949863903,-618.315146340102,202.853935624577,0.0867372387303541,-0.708006108532377,0.95395403868131,-111.202985712418,-541.206508451675,218.550898775014
0.00698606371231498,-0.468107281656674,0.435038036690231,sc2006072,High density,-84.041323788371,-484.761137520294,260.984223699662,-0.528785306717825,-1.37009707556767,0.26730297948881,27.5194458723076,-314.231690502416,399.965906997028
-0.0221147559391426,-0.450632611218065,0.449107781044079,sc2006085,High density,-86.7722956729186,-409.708358742687,201.62081548351,0.0247259376457641,-0.728476086456607,0.81143294333918,-102.161855830071,-434.829295328603,198.302018731057
-0.0406237946046264,-0.540429746230971,0.368971867317812,sc2006086,High density,-19.6297252659091,-390.07207642678,398.076751946734,0.121036453378768,-0.717214065603617,0.859363576514725,-28.3905398011883,-386.390414897442,364.038751634671
0.152444084231919,-0.267185763612567,0.739938286840424,sc2007006,High density,186.480085899893,-129.571859785015,598.32962635081,-0.490384507376434,-1.27761627738401,0.250193192672204,213.144171244939,-107.068348669397,550.749192327436
0.155694286706754,-0.243684000822069,0.800701527191968,sc2007007,High density,186.535107443384,-117.209950685075,579.697939634941,-0.511379767886349,-1.2987607198041,0.213012690972011,217.086154673934,-80.9678737678721,581.274509528262
0.00677752535569812,-0.50350480400307,0.480898076522491,sc2007010,High density,55.64476669802,-343.369328288727,468.766686377803,0.0719731562076688,-0.721032180978883,0.945089369963977,22.1782878525824,-358.742459369489,433.051589594605
-0.052688471778655,-0.542951361546808,0.382027405224588,sc2007014,High density,-159.358206669713,-554.259259062104,138.010608320594,0.259763140665756,-0.431237490258838,0.99797298006494,-171.075001303272,-539.795295353799,140.466458153749
-0.074565143648907,-0.629039600817204,0.332143079919054,sc2007016,High density,-172.505974572585,-604.954643814371,123.087774982603,0.249813722106432,-0.498896394968474,0.98179966215442,-173.08898113401,-543.363430593621,110.990789322399
-0.115629288272443,-0.675735382936014,0.317952537850197,sc2007018,High density,-176.322569842172,-581.305855884426,148.826911371773,0.453585877543728,-0.266880900149801,1.22489207912467,-206.730759799874,-581.507418098781,96.8864790351907
0.0331411488186605,-0.426237108724076,0.504878035256927,sc2007020,High density,165.209433779833,-129.755258038786,547.64687970684,-0.194092449871225,-0.892200904995936,0.544054981453436,160.299832480677,-126.888331648168,521.277757558772
0.102803029420268,-0.369933431764675,0.673446134808081,sc2007028,High density,182.963037918637,-161.806619836133,632.529000543686,-0.309937665469905,-1.16694996951748,0.434172697797754,185.575346546161,-138.59511780109,598.943187377415
0.0377696099538694,-0.392631338687336,0.422251001803828,sc2007032,High density,115.127950248181,-136.99933233497,398.26503341736,-0.0151759152063259,-0.599267289416434,0.638939281719251,97.02569187728,-165.253174107325,353.551527113511
-0.0165009929571829,-0.496881680505879,0.477901395413326,sc2007034,High density,-151.008766476432,-552.358534744693,142.590711876663,0.380149507777652,-0.335068030884121,1.1579606951583,-184.690180061327,-580.022656805663,121.532086745827
0.0206545131921397,-0.445993560435412,0.587650369789281,sc2007036,High density,-137.155598575461,-547.879983441171,273.147509703096,0.188104216258284,-0.635049933171906,0.945774187483311,-161.895050612989,-594.498987750973,188.241304279611
0.0387065920935675,-0.380261458827289,0.456515886547683,sc2007038,High density,-94.7562382599039,-398.175514836,181.912510220691,-0.716149116210798,-1.48283568167085,0.0788605607473164,-3.61633986633439,-318.942693489133,277.994604114153
0.0350211245358196,-0.396454900114907,0.524977052624901,sc2007041,High density,231.05378895481,-84.7853568080761,632.058777863318,-0.308528378882133,-1.03843880446039,0.35040360877244,228.514456660533,-63.51500744546,587.727796803064
-0.0190778812657297,-0.54554375488878,0.427655522883593,sc2007044,High density,153.052455867745,-166.193913802114,544.056568608118,-0.140716491747038,-0.847641853343145,0.562836607559561,150.913807629282,-162.143030901716,488.221481107313
0.0215120817869651,-0.41909124635778,0.544983515269873,sc2007046,High density,152.629426567871,-157.743042466459,513.373918042213,-0.449139263002505,-1.20681846761836,0.269574716793371,196.873927533718,-90.9336711017959,578.383975450433
0.0203897587130846,-0.468740982762779,0.491330438061929,sc2007048,High density,157.328431392238,-134.454729760094,527.297382123106,-0.187886828242682,-0.893635313942804,0.537740203316152,160.405933304683,-109.027451180705,520.287425575322
-0.0516034061258282,-0.619979812007549,0.403890836672623,sc2007054,High density,-172.231841813155,-665.498094368865,169.680747617359,0.0284774461774211,-0.808969323847564,0.879597189996406,-143.020800098445,-590.637321031026,210.617187506504
-0.103594814492112,-0.650348820681283,0.205682770100493,sc2007055,High density,-14.7336220517848,-295.419173407652,214.292557177533,0.191096002289512,-0.413407917745966,0.802615423676128,-13.9786897736695,-279.822802378574,228.230905337888
-0.00382358529670489,-0.469782458924444,0.494341341675902,sc2007058,High density,58.0462468782836,-312.528540196331,467.679261507766,-0.0346930987195253,-0.812342494052657,0.784430662249329,68.4986309850973,-276.836065419901,480.349773368562
0.0287274927648567,-0.414644024341155,0.502067598203712,sc2007062,High density,73.7183268228562,-252.511954726088,435.691976716147,-0.0134768239621035,-0.757941445561978,0.696259740933039,56.142948940076,-264.183754062817,404.488795301834
-0.141454608715067,-0.700478412194624,0.26420293259508,sc2007063,High density,-0.0112978053859355,-284.695932704188,273.232913539313,-0.0759671433544532,-0.743018754756104,0.521523971433938,23.6690790511996,-235.182182140373,281.075666728064
0.25160024782667,-0.242817777707771,1.05022479600529,sc2007066,High density,232.376333423069,-136.05219861525,685.47539636176,-0.520031734951747,-1.36451329133647,0.205205903972694,211.673034376652,-96.6438078146884,604.797447159582
-0.0658610536430305,-0.54568163442444,0.275169994312016,sc2007067,High density,34.4118557870489,-221.588293449218,304.247778494939,0.0352041215477027,-0.586743727906172,0.636617229090387,37.0889889180068,-212.80736869147,303.954555825914
0.161238436799147,-0.273433120553346,0.869152603909163,sc2007068,High density,157.143432989815,-258.535431199505,628.831667217341,-0.199115813869828,-1.07645063234677,0.626235595359844,125.378000361263,-231.367916726143,534.060469229251
-0.0715475882145689,-0.593660698908066,0.353788504136835,sc2007073,High density,-244.698954990075,-687.016467945495,67.3950200298032,0.426803753576218,-0.246427599355914,1.11960790303448,-257.122158700041,-634.208272847877,51.6631767195384
-0.119313419227278,-0.685740987135656,0.284633749583845,sc2007074,High density,-249.241186134776,-720.352808883937,62.5710171661468,0.27842208485298,-0.340170372399373,0.937704577456465,-215.359210566127,-613.559548046262,74.8293777123876
-0.120884250065178,-0.658634000968268,0.324240468795634,sc2007077,High density,-200.749621218366,-630.288552884922,116.548784220253,0.281913587919425,-0.426473579895573,1.04043852316324,-185.190112691243,-547.511630486286,118.058329078812
-0.0129863405471428,-0.408971814982908,0.383847376099061,sc2007079,High density,2.32842977500739,-256.017480477914,304.261500561045,0.285898343563684,-0.339669833219509,0.996110911226113,-30.4073589219649,-281.511313991095,235.641196123668
-0.080281236571268,-0.723381045871853,0.328228689614272,sc2007082,High density,41.821968144396,-367.383607686777,464.993380109454,-0.242238340764966,-1.09001286497853,0.570861633526307,108.795390925323,-237.044336064567,503.900266117478
-0.0367554193791998,-0.5545716901415,0.370628643765812,sc2007085,High density,113.357752262927,-175.732841019532,432.319525303766,-0.379975314815263,-1.08138567894432,0.265003473478824,166.418134853333,-110.434731849708,468.475532085636
0.191349024449085,-0.18822232254083,0.846168211785637,sc2007086,High density,84.1938255438545,-195.98694129942,396.598701218776,-0.373847251761864,-1.08672383500955,0.311820138486816,87.6436979394599,-188.78900208065,373.424360522662
-0.0498584847368163,-0.557050164973994,0.436945694168931,sc2007090,High density,-90.7142856582678,-513.323494386156,274.557341275823,0.13205581547989,-0.680306805984494,0.904966704543657,-90.125189664223,-483.131688595315,254.427142107647
0.0740805242137069,-0.376834314637459,0.641548412103071,sc2007092,High density,112.348603045146,-236.095401282963,563.234608441235,-0.161246481155729,-0.985440886548835,0.647997081507845,104.87600384203,-239.981272423619,507.740903111658
0.00600270653743038,-0.50974637391222,0.527951928190541,sc2007096,High density,31.526411477191,-371.467312212037,479.622306687173,-0.504312541339334,-1.4080486773947,0.388896608082402,125.072166406973,-249.135477469271,547.523639972491
0.128274179026498,-0.342714763607546,0.717056522037275,sc2007100,High density,156.611862707794,-211.877621642169,659.590548610078,0.0289309348900126,-0.779706487423271,0.776669054342163,69.0042147704618,-269.508094562739,467.802029849266
-0.0295804448352371,-0.486238094640383,0.414964740574711,sc2009001,High density,-8.36066836497087,-342.624818964387,304.997165816555,0.092391475680307,-0.586504290576878,0.803205700817452,-2.28820572910405,-322.724373244621,324.791388281791
-0.000159138215721963,-0.49793508843568,0.480612266747724,sc2009005,High density,47.5207070990577,-383.606641846668,446.518115418496,0.192803016994744,-0.608287743077354,1.12238967330233,7.71262287870502,-373.090893318218,408.621161534059
-0.077877517873897,-0.626891981176588,0.404262767042811,sc2009006,High density,-204.152697939745,-651.139539352947,139.823598988037,0.166485338745437,-0.63417331460244,0.971446199606918,-179.249824646371,-590.538561552619,159.174883416988
-0.0321775271031317,-0.573146601722136,0.442850916529538,sc2009007,High density,28.233520732092,-370.767258858078,472.881127032325,0.0555843560136617,-0.764031225171034,0.923009223761058,38.7189305418235,-349.936166465133,453.814540947458
0.0203717297189634,-0.539202409256798,0.526498027620829,sc2009010,High density,-88.7028443904793,-578.913817577066,290.436159566844,0.28552111597655,-0.537138514311985,1.1686013850957,-153.0758890123,-571.287730944922,205.197920192562
0.0306114152989687,-0.415316916458027,0.458485498134524,sc2009011,High density,50.3106080121057,-239.643339778542,402.352440715862,0.161744260630292,-0.530147279234537,0.935545793339953,21.295400304628,-289.179220080926,331.004990837267
0.0134731618797343,-0.456947499118196,0.410381760840319,sc2009012,High density,51.6862337110128,-259.447391172373,390.376325796188,0.147161011376326,-0.527009577061271,0.949502001415789,20.7997621745761,-300.072986567879,341.54636716057
