IntCent,IntCent.lower,IntCent.upper,ID,IntPSi,IntPSi.lower,IntPSi.upper,IntSurv,IntSurv.lower,IntSurv.upper,PlastCent,PlastCent.lower,PlastCent.upper,PlastPSi,PlastPSi.lower,PlastPSi.upper
0.156134822502975,-0.204754754121127,0.496542342163792,mr2009a01,0.0630535366487526,-0.488822728812168,0.586992701683811,40.3770614161733,-108.53619932979,219.431976046791,-0.0474926145286275,-0.236218970466626,0.117917470410146,-0.00992301171437523,-0.156932628863493,0.114527326506457
0.0889406947358284,-0.148398981883158,0.353125355692707,mr2009a02,0.111240430699854,-0.289349457466597,0.497817182726926,-4.37171795235391,-93.5685704510896,86.5536797063607,-0.0243972400532849,-0.161997632010821,0.119736845819759,-0.0090881775853742,-0.126692064311456,0.0962499112960356
-0.198013776641463,-0.443719218191208,0.0389347086456735,mr2009a03,-0.00697737391978039,-0.395966386036028,0.354660649803122,-70.1187940395619,-166.432699943914,2.22949267222025,0.0530473955105896,-0.0901849819370202,0.208135732362105,0.00901588119115089,-0.107877021738401,0.13697103763136
0.352662027051611,0.0445409203335798,0.676900885100667,mr2009a04,0.267597176918759,-0.212045616629931,0.743552721225672,63.1936519595893,-67.4792002840717,223.839457105968,-0.129371710512778,-0.352400750156046,0.0274766486389006,-0.0212748362224723,-0.201104089104446,0.102501046853552
0.0456178886639937,-0.19672837489261,0.276585122948632,mr2009a06,-0.0798326571906093,-0.447858222642963,0.29628644171043,18.6419939654243,-66.1649036914578,108.738773395576,-0.0176701149758375,-0.158939863325387,0.119479087478183,-0.0178136079452694,-0.146123538541047,0.0823008638630608
-0.122044176494581,-0.362358180894494,0.145450103362232,mr2009a07,-0.307527998708083,-0.699217375727143,0.10393427389717,4.00499501941466,-89.9343296765595,103.652912100032,0.0384276063759827,-0.11420252826118,0.188262024115353,0.00333372146884619,-0.121672638362232,0.120404730957371
0.184138404308745,-0.0701468875794158,0.45166803263002,mr2009a08,0.0379675421322101,-0.372199052247303,0.443940992248498,-53.9526782521631,-161.026311758295,29.9989112967932,-0.0430996053212555,-0.208969359533062,0.0960101169514871,0.00106624138641015,-0.126332934370842,0.119352010344856
0.211565602677179,-0.0329542153685716,0.459039190233799,mr2009a09,0.177776896482577,-0.19876699010984,0.548276276982734,19.7027482955746,-66.7036141641935,118.53554416396,-0.0778405662842773,-0.242015481819942,0.0626368934849098,-0.00206745406403828,-0.128874179820581,0.118753670366761
0.136900314475675,-0.126607479806715,0.429612316225977,mr2009a10,0.125708929623623,-0.299883544822935,0.551236938079509,-10.4325963924799,-102.76149754882,90.9358272921243,-0.0479292868517948,-0.210503891103812,0.108917143201639,-0.0109407959084528,-0.146185489578506,0.110257288837438
0.135741364099887,-0.127131990377962,0.431084381152803,mr2009a11,-0.108418376720057,-0.51629980780887,0.324383682403547,89.5121077033932,-30.206314977291,252.799054154244,-0.0196102581784531,-0.182973942979401,0.131036519602479,-0.000797061780264249,-0.117180761052512,0.132795686451247
-0.158893795189725,-0.510498246616123,0.201828163066303,mr2009a13,-0.0859096975631396,-0.657628248521638,0.545033742981395,24.178255796593,-143.185139140581,205.342610485843,0.0579229217801036,-0.121534312455549,0.251166886963726,0.00612591448659731,-0.126175975468268,0.154286681943023
-0.233030784741658,-0.514062428008697,0.0491944977125582,mr2009a14,-0.153006048730365,-0.556240749664827,0.289259618666371,-18.6006489342113,-126.150623056629,66.6313050201569,0.0878786996441104,-0.0542344869602279,0.267985832814632,0.014580419590855,-0.103657454322898,0.15761155965584
-0.210522459794055,-0.531943173494827,0.0914359374538582,mr2009a15,-0.0548815878467025,-0.522994053345521,0.410770062115245,-46.3094041151286,-160.505663525953,69.7219527257835,0.0765640636535524,-0.0728984948555526,0.265881531749309,0.0216857352250912,-0.0839191824013124,0.186468641149674
0.061399274268071,-0.210132790271017,0.337980463626836,mr2009a16,-0.0488807720773183,-0.464461862290418,0.40082742891225,85.8770316492853,-28.8572374756995,247.620487002911,0.0135855064630544,-0.132528083645498,0.178670105473777,-0.010122274083734,-0.143159607151174,0.106045910471605
-0.090960360870384,-0.38759096634508,0.200216348191148,mr2009a17,-0.0524319546432378,-0.497543702312775,0.413329536664968,-45.5521117185438,-159.041398999481,70.1523349425843,0.020890274995187,-0.126451027003468,0.181296022596286,0.0140657082456474,-0.102074619045152,0.148767456777836
0.145362198418527,-0.0971297732174025,0.404803432345221,mr2009a18,0.196173086253383,-0.204838524037767,0.595235352141688,-6.18022680650474,-98.0039050413644,88.0615822634747,-0.0564254834172106,-0.217056354195173,0.0813096862578632,-0.0180664248424501,-0.154559247383232,0.0895743778191966
0.00780814464405512,-0.296040710632142,0.267324850460245,mr2009a21,0.0908426057712611,-0.380039923514937,0.517888717419337,-35.1447200497437,-141.294020861499,61.9811991717269,-0.00549287876307161,-0.167648755968306,0.154947614668365,-0.00374608856231628,-0.125157427503632,0.1096657881129
-0.227229122932692,-0.513023144264315,0.0498638914559349,mr2009a24,-0.178852902357953,-0.612384806554185,0.242337081512852,83.330003750999,-35.6276930537207,239.014776380695,0.077491760683188,-0.0624875257035661,0.266567553113896,0.0182781872733282,-0.104117399624122,0.15722307042116
0.156251297592256,-0.0890556711236449,0.392258223240262,mr2009a25,0.166834483169105,-0.193342944361321,0.55107813671345,-29.9804879689926,-118.837249097294,51.179374489499,-0.0631406201358323,-0.220757670935873,0.0645602474605705,-0.0182106971564679,-0.149486373294351,0.0866682794123394
-0.250127379550498,-0.566518953026225,0.0536378460436867,mr2009a26,-0.185726267119291,-0.653203955519806,0.29049322112479,68.9878136758589,-66.0424480649635,223.850662508178,0.0966862030208986,-0.0631938120857767,0.287637419301454,0.0206278063750173,-0.115449229712545,0.165627925359447
0.0945276358401371,-0.208107218047323,0.392686314603989,mr2009a27,0.126177907566822,-0.339728217771399,0.59024404108901,-47.7254741613713,-165.659839462994,54.5490253304982,-0.0302293046802307,-0.202356944789789,0.119489040747719,-0.0158365541044057,-0.153058035643594,0.0907367493968538
-0.190298878216711,-0.495452274288721,0.101441508327087,mr2009a28,-0.123712391479262,-0.612366294496697,0.309320192936772,-36.4960876154146,-152.069593130778,65.9259509260778,0.0640495063354685,-0.0907596888378971,0.24677737288956,0.00933323454526982,-0.134797292063096,0.142790433918913
-0.0939519266803787,-0.438902398140913,0.257216732109693,mr2009a29,-0.093748801123184,-0.651103693521904,0.411001369425311,54.6005264598976,-83.9382630963928,225.998957196237,0.0408373970788015,-0.125096027473516,0.252834769273006,0.00377278616181623,-0.135599114831872,0.14491591936014
0.122896707031846,-0.152244443776058,0.413479060484835,mr2009a30,0.135043945063069,-0.30735321726434,0.544007882281322,-16.2060642406719,-125.97120079512,78.2967770989889,-0.0467176705475527,-0.21364451100169,0.0945620290656293,-0.0101145432978602,-0.127308811410273,0.119114607943489
-0.238268679018771,-0.519522010167704,0.0145501246067277,mr2009a31,-0.278484180939734,-0.687967805989617,0.114256345706059,103.472457966852,-19.3464085610506,248.254039588983,0.0846526250539059,-0.0662678356882456,0.270660881486571,0.0123123790621418,-0.127513562261039,0.151619463318079
0.388747407446259,0.0702749005229323,0.749991622476607,mr2010a01,0.236195431228389,-0.23912304641015,0.73787038528204,68.6457552569635,-62.1526678551105,225.656705170771,-0.105850951020762,-0.319851086278268,0.0688124382266537,-0.0282741434200722,-0.20342138219954,0.125072234816758
-0.111056954967788,-0.455970507647361,0.230828975775197,mr2010a03,-0.036836689583209,-0.581152976897399,0.471750612684027,49.2914323548244,-85.5369797545146,219.11087463033,0.0406750259859446,-0.141289774727231,0.230087143548449,0.00317988453625293,-0.143861918748369,0.132231806448538
-0.164891839302754,-0.450939285512017,0.101504513904375,mr2011a01,-0.109061069295591,-0.553307112261785,0.316334333199341,90.442965703677,-30.3199373848251,235.689423221413,0.0538616095392626,-0.0969272181574115,0.230833977675952,0.00661128647178856,-0.124088484461556,0.14629744564862
-0.0878802384858169,-0.414598224899213,0.20695605583951,mr2011a02,-0.0849275010007086,-0.552704168173386,0.377025756893925,-45.001382364826,-163.756184167999,67.7903562076989,0.018232777603355,-0.152629964682741,0.189867972300493,0.00414611051228208,-0.11787432020134,0.130888055346224
0.119567298429896,-0.227106160610182,0.477904081970214,mr2011a03,0.176656831130518,-0.409128525907966,0.733987559379147,-75.7154966757,-250.16275266463,77.4338420475973,-0.0513209375000837,-0.256273813603698,0.120559005364724,-0.00517811933444377,-0.155485160192878,0.129975613496166
-0.20363590533855,-0.487555947718591,0.0835636404875025,mr2011a04,-0.168751198328078,-0.592638067697492,0.278573838584341,-71.6249305921965,-183.591755632186,29.4016724026554,0.052894673071664,-0.114499063151348,0.221919822313791,0.0200966971155017,-0.11926491755898,0.157167438219971
0.0449131911480248,-0.312375239749223,0.391607953557228,mr2011a05,0.0571634424649434,-0.516268499411161,0.645955769371225,-70.4173574145773,-243.845244754893,76.7371230901723,-0.0254956122326867,-0.211591318589688,0.162488494542939,0.00102786229237616,-0.120997768214687,0.143326793698298
0.0460543131840832,-0.291767512042447,0.410468344570352,mr2011a06,0.109197700182547,-0.456154169509581,0.697109676141657,-76.2963884143351,-247.004199106438,80.4897889828307,-0.0253938188335952,-0.224263580186804,0.144561309782136,-0.00160638430401695,-0.139794765061257,0.132357096413039
-0.00520291734657138,-0.370940545772874,0.32374687437567,mr2012a01,-0.0343992902294017,-0.615667623397341,0.462565485756108,-79.111331121117,-248.249830516834,55.5324635494524,-0.00995682700257005,-0.20185146895343,0.174066641163283,0.00592694780345035,-0.138267726081026,0.134578730549421
0.0411470916508871,-0.322043606513518,0.381621538021897,mr2012a02,-0.0316984736373319,-0.560969814646327,0.476212526625895,66.4051153572379,-65.8781596613803,235.421657408946,-0.00674361610798274,-0.196709453649406,0.173012689492259,0.00212422638776226,-0.134423690526591,0.140194761817999
0.073127625590745,-0.270694173973748,0.446851622362271,mr2012a03,0.057072271571289,-0.492636479950506,0.583971331601163,61.6189684175942,-76.2526033060776,230.336010449966,-0.0248710937743913,-0.230661723605427,0.142939003222314,-0.010160120136303,-0.136621548849325,0.129015229872085
8.40096811115646e-05,-0.333140671242853,0.373237767780664,mr2012a04,0.115360996539967,-0.402162922126689,0.663541441796887,-89.5006792198909,-268.14119345349,41.7970498074502,-0.0195615032891492,-0.201348921335956,0.162475356647405,0.0012543111976469,-0.140942894919705,0.138452663901048
0.148712484648448,-0.199451309381976,0.510758222697959,mr2012a05,0.128706128619886,-0.395207822390498,0.676382859779739,60.3854541569555,-70.7293966579854,231.74298424496,-0.040708932240276,-0.220962008258322,0.15162504061071,-0.00643733758239026,-0.148275561638819,0.138233083641191
-0.052257296340483,-0.394139127961903,0.313377033850603,mr2012a06,0.0430527211150289,-0.468975554430785,0.579242918925904,-85.0425148515621,-255.885006606121,51.9455603426065,0.00493340844761107,-0.172228878858754,0.200084527217834,0.000501627010053514,-0.130315583378171,0.136632674730832
-0.133721963955202,-0.510345580480807,0.217446527564198,mr2013a15,-0.200538043420523,-0.824509870309345,0.352790287023317,-47.7853794026796,-219.906427158224,105.332212015028,0.042724515196982,-0.128909173418656,0.242293414122531,0.0170769399097792,-0.109170305283383,0.178112055726266
0.112776207809432,-0.226312010283215,0.459644442964515,sc2006001,0.42452021128085,-0.0586118518560802,0.939948597547045,-18.526116945143,-130.467621195622,96.7630076765718,-0.0643425725061163,-0.275522640544959,0.114667145133457,-0.0181838322786865,-0.192679812043284,0.0960996546909986
0.0564847080797542,-0.223612038062991,0.339390138917138,sc2006002,0.101749905834723,-0.298568741776064,0.527528525670943,38.7983806279483,-54.3685673064996,142.105390650821,-0.00472458295353905,-0.172622400936447,0.163772594601923,-0.000294957612935518,-0.127037442202292,0.119370298779087
-0.100453816196997,-0.395157624040542,0.187271104455195,sc2006004,-0.258777920433287,-0.690584507780429,0.169923094426274,-130.969044710068,-284.282267606223,-10.1447730070096,0.0311950407765947,-0.152493332456478,0.223263591933303,0.01070556340008,-0.134839512445754,0.160193859341934
0.00808383249358072,-0.2514480500631,0.27049394035725,sc2006007,0.164268686923904,-0.247457964884373,0.574679329310585,-59.9467828780368,-168.084959333883,37.7600511099717,-0.0174530394435859,-0.176631444342447,0.131246723943553,0.00634432419009231,-0.112406535525703,0.134250477352983
0.17206335421574,-0.125900603647253,0.486868244019577,sc2006008,0.142979632571727,-0.303429737793659,0.632232670195276,-3.73854991027391,-121.921655249519,104.897850319187,-0.0567513776099408,-0.233021472131352,0.0979929618663513,-0.00770693281238167,-0.154528600704115,0.112718226830973
-0.0434387320621825,-0.339123250338945,0.295606399775793,sc2006010,-0.0563911931198228,-0.526188063365128,0.392025763510352,-1.90250931811949,-108.308532255676,115.898660238707,0.0238975454106503,-0.143398728225268,0.191767051252362,0.00486785031585786,-0.11341972643725,0.137268774937951
0.0257173218895134,-0.250003515162631,0.267446907599372,sc2006011,0.333425555395691,-0.0470979915753836,0.713571096818047,-44.9263904404596,-145.896833001706,40.0672979404266,-0.0256480243603643,-0.181766652429252,0.12466502953159,0.00674970035500026,-0.113670532323472,0.12273779120198
-0.039162575079557,-0.318412202726115,0.25020382662294,sc2006015,-0.49187641967102,-0.897884506985373,-0.0667238420709064,123.987629592304,-2.62062212267735,275.704916981398,0.0412478630749393,-0.120819836128832,0.213476156889972,0.0276965876615538,-0.0996062495727488,0.180974222674158
0.109294687419202,-0.161465921983629,0.377838931141212,sc2006016,0.151124204137594,-0.245148053942294,0.537006557074671,36.4623431672265,-54.5437244555772,141.325391398447,0.0206481698406967,-0.132219377071627,0.188552832393657,0.00893886069618733,-0.113501468573988,0.13402965011316
-0.0318319190569065,-0.280201445343287,0.240871811551534,sc2006017,0.0502678281555389,-0.320138117157723,0.463155630493706,107.15973996818,-8.81186062683842,255.000681523262,0.0298421204756445,-0.128881401906984,0.201379921967645,0.000972611399564768,-0.131136244455686,0.121927516781968
-0.00626781451748733,-0.29208013508057,0.266052754319736,sc2006018,0.0522690550160654,-0.368922947381582,0.448853179099777,-88.3687192431186,-203.813359917714,3.45404096450598,-0.0242691075598363,-0.189159595724784,0.132866148490157,0.00678909968976304,-0.103749341441249,0.134880397740712
0.0799338499710209,-0.298371150866549,0.434342097356145,sc2006019,0.233834338470701,-0.324734898730568,0.746174240877453,-102.376799796446,-272.947770791511,36.6472568311025,-0.0401674579311319,-0.228624122232969,0.142081448024798,0.0001310152198466,-0.145979430802344,0.135888555896107
0.504083191850843,0.215035874730373,0.79707649236164,sc2006022,0.417714501969095,-0.00364505232704305,0.843258733215134,-40.1042594534178,-136.55367054438,49.6893837253384,-0.162357624606039,-0.414191490813709,0.0244707390347208,-0.02639384755893,-0.218943491706612,0.132424577602518
0.168259260356927,-0.0949140016876831,0.447387414284662,sc2006026,0.466757681311147,0.0491190792871095,0.899533974138107,-45.2515298504395,-154.599991076121,36.5165968164848,-0.0825446657201283,-0.280352259989242,0.0764978724375154,-0.01793563101369,-0.163412753764622,0.110557439777073
0.13155293514754,-0.170101039661322,0.444322219765199,sc2006028,0.0512796751699816,-0.397188917381242,0.540223997847192,-1.0276510667311,-115.875219451772,115.42591891326,-0.0403817899539127,-0.214508213314352,0.120826317602606,-0.0104059467942324,-0.142626754856512,0.10328346459255
-0.044787055717116,-0.308894002833834,0.21426143381504,sc2006036,-0.114864001706034,-0.534903763438168,0.254068442769985,-28.8630033370118,-131.513236729242,58.1325037539824,0.0113750242085595,-0.147356949933108,0.17549418346863,0.0109887928159774,-0.0999906018131512,0.142959219837818
0.0566788567616596,-0.201546813314309,0.309308159140453,sc2006037,0.147524658813094,-0.227548118227737,0.540530388215538,-42.640115909916,-135.126102215493,45.0334740827949,-0.033092834277963,-0.202372254582312,0.101776476638371,0.0051716481623864,-0.0961807581191327,0.122931093700431
-0.235833650290382,-0.509527636067092,0.025008618863993,sc2006039,-0.124068957387486,-0.527453022068972,0.267164832468124,33.8890046479131,-53.4996815321603,130.97935219645,0.063263229913646,-0.0881075625943822,0.223217055850764,0.0109922890267161,-0.118686842283393,0.141357530601109
-0.172439498392419,-0.487658153765398,0.175210371461803,sc2006040,0.0399561353980874,-0.48576224146571,0.49684702985642,-35.2337739211205,-155.256508458278,73.2023623127613,0.0300443930797121,-0.149066260268431,0.227559299300777,0.00380773719859672,-0.106454389941993,0.154399334950374
-0.031382780698138,-0.379396450551981,0.330644311715601,sc2006047,0.204799939620527,-0.302870601154382,0.740597437615372,-86.98363272166,-260.218118575017,46.5209993998601,-0.00794276519200229,-0.195137990163379,0.168311782752889,-0.00210494483069369,-0.139460341642066,0.145780730816094
-0.0970644675210211,-0.357073831576811,0.157127233874356,sc2006051,-0.0690346675934141,-0.464049287367811,0.319888459468506,15.0879310662655,-79.8869202088629,99.4618830193963,0.0374634253832311,-0.117715527428358,0.204287359489815,0.0114113186789928,-0.0920143962762605,0.147870572690923
-0.236685767913153,-0.50111053528341,0.0344989479484862,sc2006057,-0.295602666762239,-0.690469289330056,0.120065465498792,14.8145703905275,-75.7425250521626,116.419676824959,0.0761937694248667,-0.0846534751394981,0.262734408684364,0.0132004726533655,-0.110396552604263,0.154045627183216
-0.254527480775694,-0.606803813500672,0.119530113801608,sc2006060,-0.393397499688478,-1.00441852322612,0.110757683999878,69.0545248040803,-77.7467958278518,243.294463962581,0.0936228800110638,-0.0806066166830667,0.314994960859284,0.0189193208982807,-0.102551292513324,0.19897290411942
-0.175182757727683,-0.572075564497101,0.167370407724895,sc2006066,-0.333013841970454,-0.870087299819707,0.191197222199306,78.995226465333,-65.5581486293428,252.22975621587,0.0938973165441386,-0.0865240175862078,0.324190319434134,0.013016304028864,-0.144176437563639,0.16347348202507
-0.0718913536507706,-0.385310477599735,0.223714937499243,sc2006067,-0.136820993205667,-0.612281632730053,0.337838554090684,3.08880622704187,-98.4334700157946,119.478556128951,0.0369563657311267,-0.127270036836073,0.199861855353995,0.00967075317620801,-0.110216264674402,0.145956608589161
0.150500478931173,-0.12735033442788,0.435586757276648,sc2006069,-0.00975681185003652,-0.463346841095449,0.443060673181814,115.52511295944,-7.52848762432732,266.581183393654,-0.0352305831364227,-0.220132871843535,0.121626639813126,-0.0130404688079085,-0.171157052471749,0.108362757249071
-0.271076208959088,-0.663537068913959,0.067137828683552,sc2006071,-0.328005809042078,-0.883568724791885,0.230768669203906,-72.5570475662449,-234.134324900553,67.5964559267099,0.0809627398387232,-0.0972051319703318,0.299279178435501,0.0174667705415268,-0.113089942458671,0.202605638255032
-0.0301810915888755,-0.298960248179953,0.238123128603513,sc2006072,-0.307836857422764,-0.708265586798959,0.0825339237266276,39.633140450267,-58.5317972786068,142.29123350962,0.0478853089783522,-0.101937256089243,0.211535168712832,-0.00270874636418106,-0.125144120877178,0.105436100510044
0.0799020385088282,-0.247796954452499,0.40881351463581,sc2006076,-0.164111166413543,-0.634902624762253,0.350689781799673,89.1296956166988,-45.5295553542711,248.186221889637,0.00517170896734509,-0.18628089096916,0.19218904600172,0.00291739949440004,-0.141272276230523,0.142511840405401
-0.150875626196833,-0.452959611920176,0.130020682686076,sc2006079,-0.0724818794874667,-0.518123699537308,0.350718181910822,93.6234522494936,-28.320780426121,235.900469962926,0.0464635189130683,-0.117353284382402,0.244249296159504,0.00220512246393174,-0.132781794010341,0.142930508150442
0.269651691890807,-0.0286447453185916,0.564968321041989,sc2006080,0.34955528929675,-0.0964626166094358,0.797971267802256,-14.1266867183206,-115.273087973517,88.4564685809853,-0.0858600129300066,-0.276190054437406,0.0999412987041702,-0.0170458756529596,-0.176345786010016,0.107760392606423
-0.0668598448319392,-0.366531794285666,0.214865688657487,sc2006082,-0.359384290030088,-0.785672148755381,0.107149674818262,104.043475312083,-20.7190176826336,262.354720658761,0.0592682812803532,-0.109308704834085,0.262213209893837,0.0108124024510502,-0.121973974674051,0.175950613481269
0.137356362092255,-0.119795413355344,0.393424203144438,sc2006085,0.0874245624555192,-0.263189343975257,0.462211342492425,-41.2139644066113,-128.131625745808,35.1071332809094,-0.0554417370250481,-0.210705642932531,0.0692743340198123,-0.0167194244973411,-0.147859544576435,0.0929516156655544
0.00397426661090602,-0.314173369349636,0.323510627538897,sc2006086,0.0519244763857854,-0.423981069380218,0.504296776813334,-30.0116361468873,-149.206353989214,81.9501304900844,-0.00538539156692753,-0.172849021298325,0.159623200212645,-0.00514763479924807,-0.120206587573045,0.116191396889542
-0.101221892020426,-0.488868047451375,0.265482435283099,sc2007002,0.0399285672687099,-0.504409445370826,0.574523634952808,-99.2139801222122,-268.384778303603,35.6767161865297,0.00950726125550161,-0.181397785587932,0.2252213143391,0.00523288732344206,-0.136751058359003,0.147854906837897
-0.043329204632592,-0.369260845214535,0.285383826979059,sc2007004,-0.105737369163571,-0.591061632115244,0.38807222563993,82.1683247397134,-50.8185330290018,234.31546567097,0.027137248646632,-0.135890331492122,0.243081505682968,0.00290129769650358,-0.12767377348979,0.138287064629754
-0.170383721912861,-0.516377646089743,0.174298874624825,sc2007006,-0.633455798292024,-1.17312673378322,-0.112555673885152,9.88319892565475,-109.725156405262,130.705028694967,0.0965093449382585,-0.104763149584197,0.308509310116182,0.0323526765851976,-0.10888100603617,0.212689605537306
-0.0648923254781321,-0.411396073816048,0.268979405864809,sc2007007,-0.34074373551573,-0.870056389337211,0.121612403209616,109.787385622546,-30.2347092778754,261.365365117913,0.0569474066027289,-0.129722183817822,0.287548582235379,0.00394651003839119,-0.147816533707735,0.150096148783022
0.437747421534946,0.13683893011561,0.7161958458792,sc2007010,0.311491206795727,-0.0970480086513409,0.710404378807425,-104.953106708274,-218.068641241007,-9.84296802217322,-0.141658959707154,-0.384636524983618,0.0341394160764587,-0.0184777524857068,-0.206577181425614,0.136456063884939
-0.064217167036594,-0.429169738815758,0.309198154480717,sc2007012,-0.0568152344114316,-0.602130939771528,0.46963257766712,-90.7456392955717,-249.814016004679,53.9583181883679,0.0102689952335985,-0.183176690221566,0.2166644544663,0.00740623731735424,-0.130960209658832,0.149036594055755
0.0234989936789915,-0.252242384353041,0.293919680913323,sc2007014,0.139889375590291,-0.310427992382466,0.530777260540209,-66.6108395211677,-180.609216979003,29.6310130477197,-0.0397555046915987,-0.222327710272128,0.123651534877902,-0.00559451564018122,-0.14282454175049,0.108214507529684
0.0791760742558815,-0.196754023600946,0.363991312584415,sc2007016,0.125054521608737,-0.257375341307031,0.544647379560417,-13.2761540097084,-112.119789289125,78.2292504569787,-0.0488628127824274,-0.232839581327021,0.113444524952475,-0.00625978673066178,-0.137691172159099,0.0993805643290203
-0.0142779068602291,-0.295062910321749,0.279251950977799,sc2007018,0.360112731936023,-0.0481711783248313,0.817567826219609,-16.8505844850465,-116.034476321664,82.4979424769578,-0.0312434498507637,-0.218286955153723,0.13241030241377,-0.00957698083736135,-0.147101942102518,0.114047649902485
-0.029884326876424,-0.302603490195399,0.232071698815262,sc2007020,-0.196068289976473,-0.572207610053573,0.221310693858675,58.7055857331637,-30.1698376763097,166.49903648509,0.0106687517474772,-0.151868907502951,0.178692414485581,0.00393463317372823,-0.11823930571671,0.134577044965959
-0.00560161872044632,-0.27247930816911,0.26200890020848,sc2007028,0.0789484572949651,-0.320797683230969,0.50962137072861,44.1171003660303,-56.2893083341083,148.34384700945,0.0106783596815625,-0.150339903937957,0.159194062129869,-0.00561296276486656,-0.130971780872581,0.103702609683238
0.0228496765356273,-0.225095060067354,0.271596707983962,sc2007032,0.127137452676047,-0.24066390747396,0.511434757326225,27.3583783057188,-52.4058545763312,121.310411323148,-0.0113862295778875,-0.161959089402145,0.133161011019511,-0.000703263598667202,-0.112134942230076,0.103475446453216
0.0513613624270185,-0.210072491169192,0.325899907308924,sc2007034,0.526894410280719,0.116099353562692,0.922822607804112,-165.880122351544,-324.116945512559,-16.4168889547168,-0.075328361319071,-0.283719160854418,0.106026772429647,-0.0138284464625542,-0.180631490034477,0.138064888628162
0.279442673582954,0.00396044762363399,0.590633210688312,sc2007036,0.219123658992565,-0.197650768304821,0.647288854442666,-159.087089817517,-315.49988410576,-28.093052361865,-0.0655719390575625,-0.264599859735614,0.108594320043684,-0.00362727198593394,-0.151972062089189,0.147986496579204
-0.168190176818597,-0.429537849649957,0.0879505453590972,sc2007038,-0.804012613326041,-1.22290282628068,-0.36200887603032,43.6419879383146,-38.39559928666,148.395362253553,0.10693845068394,-0.0593308709932993,0.289432590295094,0.026486215563161,-0.111457879191508,0.189201070584858
-0.137802686759899,-0.403306506404618,0.112116725000176,sc2007041,-0.239185447128552,-0.623262965310435,0.150466902355419,17.1178344555935,-72.3902441993783,106.894957112265,0.05959085491247,-0.0953540121855922,0.218163467234227,0.0129289886361885,-0.100675243001976,0.144580757592052
0.243737331812505,-0.0324343809325764,0.516731111656148,sc2007044,0.160499241288485,-0.243203848004288,0.579569029831295,128.236641475628,9.0525955274815,273.952298171127,-0.0870713739109789,-0.29403474935205,0.0912686705620146,-0.0264086052756374,-0.205183370175249,0.108516897571467
0.101846326715251,-0.176171219598576,0.373277654949932,sc2007046,-0.0832908279253591,-0.497296198274296,0.296084644697287,59.5195007682523,-30.2671721275019,168.632218359663,-0.030316366096638,-0.214739567684653,0.119137195701018,-0.0112273223634317,-0.142460024808214,0.105324694676514
-0.0218658253656022,-0.324424981045484,0.27012787355285,sc2007048,0.0852926963267648,-0.394575428204505,0.502655003672015,15.3526605303183,-89.4532517929379,121.122332332798,-0.00560580180980265,-0.172595567846017,0.17263782967429,-0.0118387495113816,-0.147240377996759,0.0966769124265358
-0.119818675403129,-0.481461424329451,0.229950660985739,sc2007049,-0.199819249591347,-0.71467966079275,0.340129881445767,58.8465635945823,-89.5987185648875,215.222153110403,0.0437738260981079,-0.144930341234619,0.253128232824098,0.0101026283419637,-0.137052096229279,0.142719805699649
0.0380077344887253,-0.221081288583534,0.318975142083672,sc2007051,0.0525975575842563,-0.339747179223188,0.477156483178472,-88.1037767439034,-197.129511957109,5.16453130480945,-0.0202847010659111,-0.186541952383268,0.155463522466157,0.00149392809994843,-0.128015401876986,0.124732721667723
-0.258426128367679,-0.516990302534662,-0.00165637166008562,sc2007054,-0.298872262242575,-0.692193709616247,0.0665627634859904,32.4525430804831,-54.4209954410875,134.203082382014,0.0776115584111896,-0.084420130708242,0.259919311394536,0.0108494662473056,-0.112156309967768,0.154351702161677
-0.00528371012274643,-0.261638454033262,0.230692008369766,sc2007055,0.113314091053663,-0.270211566996603,0.480623835108539,-22.4567725805621,-106.997846603284,62.6103233327174,-0.0171767678931025,-0.144162518183175,0.0957318429966104,0.0096689097758339,-0.0952512376340385,0.121655617119707
0.0474767421974049,-0.223891253911078,0.341246925397654,sc2007058,0.0721072653660026,-0.330286120433549,0.498557302708308,100.301982137788,-13.8400895888347,251.706404763506,-0.0239664626488504,-0.198118614787812,0.142366628383611,-0.0162787960618945,-0.17225947065905,0.0904192397977104
0.0552735081528087,-0.214198385716159,0.341007548097926,sc2007062,0.109692432620327,-0.294468158370894,0.531646009884768,30.3863042951701,-69.1969953916305,133.548827981666,0.00551893248398666,-0.121877383358936,0.135686535034196,0.00536648840328436,-0.100928840108625,0.131199169253743
-0.140726025343076,-0.404099257389745,0.112058322392014,sc2007063,-0.158042133922653,-0.565193398929602,0.239259763635814,36.0327267277023,-61.7657332283306,135.72912055752,0.0419224900798755,-0.0921752374750329,0.196264467364161,-0.00481540689905605,-0.13064124622751,0.109184585869885
-0.0219635550320532,-0.328722331326263,0.314023795308829,sc2007066,-0.337813801640362,-0.84908580235924,0.104877317424409,109.62527838713,-15.6130751182046,290.79738499729,0.0630182066136076,-0.111884322895995,0.264873389061389,-0.000635785187478538,-0.149078599486975,0.144415934714684
0.048080267452137,-0.198530953408572,0.301928610852559,sc2007067,0.276397928750766,-0.0900240497626155,0.631463011423186,-23.2262453826485,-109.40873556621,56.4057901500441,-0.0280217207695842,-0.155949097631351,0.0911168516109142,-0.00707206961881378,-0.131771253713712,0.092542401734571
-0.0405637951337444,-0.412214398344307,0.30457012528131,sc2007068,-0.137763640091268,-0.654215030046038,0.388463459316995,72.9713533227035,-72.5443967478044,246.528857995134,0.0365684840382259,-0.156416172617275,0.23320919806259,-0.00356830399373432,-0.139590645397949,0.133781246996202
0.20891390028445,-0.0463230870819368,0.493448008916655,sc2007073,0.376361730683443,-0.0242680748068037,0.800763814312704,-153.561792602459,-309.785878749977,-18.9298993797148,-0.107507231511328,-0.297618850781608,0.0496771635230584,-0.020882958774495,-0.189763135651395,0.110035657920602
0.0445661429048322,-0.195213424054786,0.288432597842237,sc2007074,0.167277438241356,-0.177657888984006,0.553953124973225,-100.063019997978,-218.376870701126,-9.97659224145945,-0.0377096165527349,-0.17792267406984,0.0792168393720505,0.00463974696400815,-0.104349242239337,0.132357960259562
0.0796374387467,-0.215811569064412,0.406503692528808,sc2007077,0.217125591815318,-0.244772298923521,0.700976979405052,-120.898638605046,-280.415083369483,7.17143677593743,-0.0519379381913929,-0.224276193863351,0.135197304372704,-0.00697756311391841,-0.158419375392957,0.126671552770799
0.286867626876625,0.0150140825658269,0.54553602112048,sc2007079,0.373627281065924,-0.0223501341084903,0.810093245302909,-23.4406443544059,-121.27582092602,70.5982774737683,-0.115600667280244,-0.2992216704705,0.0281058864976471,-0.0289266271629012,-0.194323891553192,0.0893262867996181
-0.186933813448305,-0.551032926571588,0.190108834301268,sc2007082,-0.322299011145486,-0.887175754387295,0.201227807864141,76.4104538392491,-62.8534310741006,255.120268555959,0.0669049687545797,-0.122907414659646,0.262598339603683,0.00197554616870477,-0.145080843935467,0.154360997255227
0.0129254332366897,-0.2553683617304,0.259793930642948,sc2007085,-0.211192386982079,-0.616411180767561,0.193870526946657,124.191567480154,-0.769306089397083,278.12609215503,0.0230827412413273,-0.132413353923613,0.174689719538171,-0.0150372511837179,-0.174401515431306,0.0976135050767717
0.0660315646037867,-0.191586984555198,0.331374577905913,sc2007086,-0.0907470265326734,-0.524533194684957,0.313456715163404,36.4186393183723,-55.0388081157486,142.904992271943,-0.00803200378847654,-0.147476206552683,0.137369264465727,-0.0193194610765367,-0.157330791150792,0.0823373119818523
-0.138674987858156,-0.408151191711632,0.134419889397318,sc2007090,-0.127762242066022,-0.538952982796244,0.253874298430866,-4.45867557390617,-96.3820728033193,90.958523330021,0.0449707359442106,-0.09855938651704,0.212596179974722,0.00900162664897384,-0.0975909993680837,0.133629020180779
0.0206498197800256,-0.322279577451223,0.394106326328036,sc2007092,-0.0699384132345271,-0.602854612826496,0.464651965108418,67.4282926580567,-75.556836085823,228.844353309021,0.00904477609199041,-0.16885124307372,0.207475434099273,-0.00769222913164916,-0.142789521186297,0.135395357359405
-0.0947489676572498,-0.47399865898031,0.261221801451002,sc2007094,-0.112248930185769,-0.677950878669804,0.488849816600238,39.2654393397011,-123.349295403934,226.242873792076,0.0307157187259832,-0.160291808297986,0.248579334331312,0.00404960114872205,-0.130340668213973,0.141209787349935
-0.149936833889834,-0.411387644762868,0.115857488917728,sc2007096,0.00623678718141957,-0.353124540577032,0.410517066918406,-61.6879895960561,-159.96528596662,19.6294084190443,0.0195007628218779,-0.165922362707303,0.192132574314838,-0.0041985537347597,-0.130008569189082,0.118844070494256
-0.0361095120363629,-0.369271422199355,0.273737320495611,sc2007100,-0.0418208095766842,-0.529876034045896,0.431998320600053,78.8016753450288,-47.9252850807568,241.174751323323,0.0420592553137999,-0.125873765140599,0.223693915917909,0.00310070949732123,-0.12545113313998,0.121741145435779
0.0687815950116617,-0.211243767516983,0.330342852056557,sc2009001,0.21356628749183,-0.217262118616615,0.631848331636545,27.046164320527,-63.101807716828,135.121300292687,-0.0336494154857764,-0.169384400139816,0.0928064235721508,-0.00188330835290389,-0.117646290949137,0.112070471248495
-0.00595445682202548,-0.326279401437555,0.288543374194647,sc2009002,-0.173554269777061,-0.636220687440225,0.322713978282745,-29.0892985862472,-144.986430815174,84.1468476521308,0.0119207516416941,-0.156822969939509,0.190748448675529,0.00655468352245622,-0.110872500333114,0.140684123646995
-0.090367993088498,-0.473924350174146,0.249734068868063,sc2009003,-0.00125113386637108,-0.532606559173417,0.558607990528341,-106.430154141191,-281.999284157789,21.0008022085874,0.0130502291495896,-0.187441094199421,0.215027620435537,0.00714836165870709,-0.134518772916709,0.161517755530822
-0.192354310552449,-0.515052128407225,0.119735534067613,sc2009004,-0.0344460943560672,-0.509902072941383,0.455988139893251,-132.1240547303,-295.212124032977,-9.3277901961319,0.0352775734913349,-0.147760696324807,0.257098910096497,0.0122708893498339,-0.131634823473306,0.171996192526721
-0.0990512869740502,-0.398011859004755,0.20069762785167,sc2009005,0.0554473711111501,-0.396608406450219,0.500753474976956,84.805504788585,-38.1960879317323,229.567317094257,0.0198928387805218,-0.163825469409593,0.189257361572788,0.00218292119318649,-0.121249021859351,0.149298919453509
-0.0280879411088551,-0.330274362738196,0.284687952110347,sc2009006,0.129367605786601,-0.321798560485214,0.595064052281107,-120.654356875127,-278.837111811015,11.0753531916733,-0.0106718355095168,-0.171080442161126,0.149093484303486,-0.00849124942288522,-0.151419895466397,0.124006417284832
-0.323183649778314,-0.621100941056248,-0.0248229236684285,sc2009007,-0.350806114074733,-0.783303481620687,0.0540678148503996,-35.7531983945255,-142.172856508333,53.57622740686,0.0908214394203883,-0.0676818287976643,0.28863855398432,0.0398095427885372,-0.0901958657861786,0.212340010431738
-0.0763419460185448,-0.43667601569759,0.294329292279541,sc2009008,0.101196558785841,-0.450660919525006,0.61388872035042,-109.778633594022,-276.611847855212,19.3539627786379,0.00469199031850642,-0.18588183266682,0.209281902805392,0.00499934652967627,-0.142572555695949,0.147201303469638
0.202107923889229,-0.0984742868342051,0.489268581697948,sc2009010,0.339624279158926,-0.0579007435849008,0.77764921530473,-41.4003206564343,-146.950717405455,48.3253725193461,-0.0280123522756972,-0.204579186997407,0.14677830123097,-0.00974139338279904,-0.147718812854788,0.104873458071345
0.358220357100113,0.0406187494841576,0.663277052524121,sc2009011,0.453590186196071,0.00402208534116652,0.868652195023526,87.9412505308842,-27.0547358102293,224.881080524028,-0.135960381754424,-0.326158107998711,0.0321784553740364,-0.0251723341759598,-0.204029928812623,0.121889681908386
0.257849941774435,-0.0352685167469924,0.563647549516769,sc2009012,0.32629254865628,-0.0812587623609895,0.77205543919509,91.3032249560925,-30.2908870270639,228.06826625852,-0.0895310388201214,-0.263367104142929,0.0615457465278616,-0.0166286419147802,-0.163021095466924,0.114619355884819
-0.203437810614638,-0.550574048272417,0.196901271283225,sc2010006,-0.433313977648667,-0.970691856098403,0.133123831168203,79.2116145220907,-56.0025226685534,258.102176940515,0.0841636389940886,-0.107704606518993,0.297328068902285,0.0182152590707878,-0.129795814343409,0.181214837581188
