ANIMAL_ID,HERD,scalePopDen,Type,Value
mr2009a01,MIDRIDGE,-0.931002404998312,fit,0.0723377759976596
mr2009a01,MIDRIDGE,2.41670130280588,fit,0.596081229750748
mr2009a02,MIDRIDGE,-0.931002404998312,fit,0.211697892702677
mr2009a02,MIDRIDGE,-0.869211481764194,fit,0.21241794581803
mr2009a02,MIDRIDGE,-0.860720156882874,fit,-0.134908562733829
mr2009a02,MIDRIDGE,-0.218846317064471,fit,-0.329469135423218
mr2009a02,MIDRIDGE,-0.137538157093824,fit,0.337966821268687
mr2009a02,MIDRIDGE,-0.102008924542057,fit,0.778479467105119
mr2009a02,MIDRIDGE,0.287656290596812,fit,0.179498280713838
mr2009a02,MIDRIDGE,2.41670130280588,fit,0.627266124456247
mr2009a03,MIDRIDGE,-0.931002404998312,fit,0.166763768112102
mr2009a03,MIDRIDGE,-0.869211481764194,fit,0.17129902726726
mr2009a03,MIDRIDGE,-0.860720156882874,fit,-0.22429300996383
mr2009a03,MIDRIDGE,-0.793938400939284,fit,-0.649802065047124
mr2009a03,MIDRIDGE,-0.218846317064471,fit,-0.510653526241139
mr2009a03,MIDRIDGE,-0.137538157093824,fit,0.349003057617063
mr2009a03,MIDRIDGE,-0.102008924542057,fit,0.639525748985277
mr2009a03,MIDRIDGE,0.287656290596812,fit,0.214929284179782
mr2009a03,MIDRIDGE,1.14346738460554,fit,0.0765701074393152
mr2009a03,MIDRIDGE,2.41670130280588,fit,0.550513054170647
mr2009a04,MIDRIDGE,-0.931002404998312,fit,0.134390275651424
mr2009a04,MIDRIDGE,-0.869211481764194,fit,0.196902407137234
mr2009a04,MIDRIDGE,-0.102008924542057,fit,0.574820178306028
mr2009a04,MIDRIDGE,2.41670130280588,fit,0.64800550740988
mr2009a06,MIDRIDGE,-0.931002404998312,fit,0.227864476070244
mr2009a06,MIDRIDGE,-0.869211481764194,fit,0.11690993578474
mr2009a06,MIDRIDGE,-0.860720156882874,fit,-0.079251152549607
mr2009a06,MIDRIDGE,-0.793938400939284,fit,-0.407882594360322
mr2009a06,MIDRIDGE,-0.218846317064471,fit,-0.361265823315094
mr2009a06,MIDRIDGE,-0.137538157093824,fit,0.358766857081994
mr2009a06,MIDRIDGE,-0.102008924542057,fit,0.66047140606594
mr2009a06,MIDRIDGE,0.287656290596812,fit,0.0988041769492082
mr2009a06,MIDRIDGE,1.14346738460554,fit,-0.224293492261289
mr2009a06,MIDRIDGE,2.41670130280588,fit,0.571255805115095
mr2009a07,MIDRIDGE,-0.931002404998312,fit,0.155472749353254
mr2009a07,MIDRIDGE,-0.869211481764194,fit,0.105472172384367
mr2009a07,MIDRIDGE,-0.860720156882874,fit,-0.118576293911755
mr2009a07,MIDRIDGE,-0.218846317064471,fit,-0.507228250113214
mr2009a07,MIDRIDGE,-0.137538157093824,fit,0.0871777690305429
mr2009a07,MIDRIDGE,-0.102008924542057,fit,0.455249970557221
mr2009a07,MIDRIDGE,0.287656290596812,fit,0.0746913080801691
mr2009a07,MIDRIDGE,2.41670130280588,fit,0.485377024509253
mr2009a08,MIDRIDGE,-0.931002404998312,fit,0.195609963618052
mr2009a08,MIDRIDGE,-0.869211481764194,fit,0.145185624582558
mr2009a08,MIDRIDGE,-0.860720156882874,fit,-0.118226103900677
mr2009a08,MIDRIDGE,-0.218846317064471,fit,-0.326028843319094
mr2009a08,MIDRIDGE,-0.137538157093824,fit,0.334491315208407
mr2009a08,MIDRIDGE,-0.102008924542057,fit,0.504573193864971
mr2009a08,MIDRIDGE,0.287656290596812,fit,0.205582624027471
mr2009a08,MIDRIDGE,2.41670130280588,fit,0.700725867887677
mr2009a09,MIDRIDGE,-0.931002404998312,fit,0.103132551789218
mr2009a09,MIDRIDGE,-0.869211481764194,fit,0.21589583204368
mr2009a09,MIDRIDGE,-0.860720156882874,fit,-0.154730767787075
mr2009a09,MIDRIDGE,-0.793938400939284,fit,-0.418795016547782
mr2009a09,MIDRIDGE,-0.218846317064471,fit,-0.36766691784434
mr2009a09,MIDRIDGE,-0.137538157093824,fit,0.265451429326787
mr2009a09,MIDRIDGE,-0.102008924542057,fit,0.763528118429611
mr2009a09,MIDRIDGE,0.287656290596812,fit,0.207588094959762
mr2009a09,MIDRIDGE,1.14346738460554,fit,0.0269328877965708
mr2009a09,MIDRIDGE,2.41670130280588,fit,0.769496650975627
mr2009a10,MIDRIDGE,-0.860720156882874,fit,-0.15595693576616
mr2009a10,MIDRIDGE,-0.793938400939284,fit,-0.45545082346505
mr2009a10,MIDRIDGE,-0.218846317064471,fit,-0.332387340127655
mr2009a10,MIDRIDGE,-0.137538157093824,fit,0.390037422907569
mr2009a10,MIDRIDGE,0.287656290596812,fit,0.239123951543179
mr2009a10,MIDRIDGE,1.14346738460554,fit,-0.0166704809414213
mr2009a11,MIDRIDGE,-0.931002404998312,fit,0.141351199953188
mr2009a11,MIDRIDGE,-0.869211481764194,fit,0.155123814235148
mr2009a11,MIDRIDGE,-0.860720156882874,fit,-0.17355380718954
mr2009a11,MIDRIDGE,-0.137538157093824,fit,0.443052263156999
mr2009a11,MIDRIDGE,-0.102008924542057,fit,0.606468020086187
mr2009a11,MIDRIDGE,2.41670130280588,fit,0.683646977059253
mr2009a13,MIDRIDGE,-0.931002404998312,fit,0.126273088727378
mr2009a14,MIDRIDGE,-0.931002404998312,fit,-0.164960856830263
mr2009a14,MIDRIDGE,-0.869211481764194,fit,0.0854252076582531
mr2009a14,MIDRIDGE,-0.860720156882874,fit,-0.325976692823018
mr2009a14,MIDRIDGE,-0.137538157093824,fit,0.475909602173296
mr2009a14,MIDRIDGE,-0.102008924542057,fit,0.751276857548429
mr2009a14,MIDRIDGE,2.41670130280588,fit,0.573465831411535
mr2009a15,MIDRIDGE,-0.931002404998312,fit,-0.0393740358776562
mr2009a15,MIDRIDGE,-0.869211481764194,fit,0.0727044918367457
mr2009a15,MIDRIDGE,-0.102008924542057,fit,0.686884944353139
mr2009a15,MIDRIDGE,2.41670130280588,fit,0.678551670520205
mr2009a16,MIDRIDGE,-0.931002404998312,fit,0.265563613950302
mr2009a16,MIDRIDGE,-0.869211481764194,fit,0.353837746388924
mr2009a16,MIDRIDGE,-0.860720156882874,fit,0.0406217935034557
mr2009a16,MIDRIDGE,-0.137538157093824,fit,0.448798157237853
mr2009a16,MIDRIDGE,-0.102008924542057,fit,0.610704287371157
mr2009a16,MIDRIDGE,2.41670130280588,fit,0.672214017148551
mr2009a17,MIDRIDGE,-0.931002404998312,fit,-0.0909105356856851
mr2009a17,MIDRIDGE,-0.869211481764194,fit,-0.0268881616817107
mr2009a17,MIDRIDGE,-0.102008924542057,fit,0.687684332762149
mr2009a17,MIDRIDGE,2.41670130280588,fit,0.614794395597459
mr2009a18,MIDRIDGE,-0.931002404998312,fit,0.314485481254002
mr2009a18,MIDRIDGE,-0.869211481764194,fit,0.163253342335135
mr2009a18,MIDRIDGE,-0.860720156882874,fit,-0.0973905892654448
mr2009a18,MIDRIDGE,-0.218846317064471,fit,-0.298316614524866
mr2009a18,MIDRIDGE,-0.137538157093824,fit,0.395269099905073
mr2009a18,MIDRIDGE,-0.102008924542057,fit,0.746630365889792
mr2009a18,MIDRIDGE,0.287656290596812,fit,0.213902315834071
mr2009a18,MIDRIDGE,2.41670130280588,fit,0.599650837322424
mr2009a21,MIDRIDGE,-0.931002404998312,fit,0.0784390385158117
mr2009a21,MIDRIDGE,-0.860720156882874,fit,-0.175409174335612
mr2009a21,MIDRIDGE,-0.218846317064471,fit,-0.289688963237866
mr2009a21,MIDRIDGE,-0.137538157093824,fit,0.412987261380355
mr2009a21,MIDRIDGE,0.287656290596812,fit,0.099095671233118
mr2009a24,MIDRIDGE,-0.931002404998312,fit,-0.0671914179806817
mr2009a24,MIDRIDGE,-0.869211481764194,fit,-0.255007278517092
mr2009a24,MIDRIDGE,-0.860720156882874,fit,-0.294222964630673
mr2009a24,MIDRIDGE,-0.137538157093824,fit,0.148184287351939
mr2009a24,MIDRIDGE,-0.102008924542057,fit,0.473348243387563
mr2009a24,MIDRIDGE,2.41670130280588,fit,0.573126921654254
mr2009a25,MIDRIDGE,-0.931002404998312,fit,0.155674978394069
mr2009a25,MIDRIDGE,-0.869211481764194,fit,0.176179571759219
mr2009a25,MIDRIDGE,-0.860720156882874,fit,-0.319440195326833
mr2009a25,MIDRIDGE,-0.793938400939284,fit,-0.444063978704681
mr2009a25,MIDRIDGE,-0.218846317064471,fit,-0.37996052257461
mr2009a25,MIDRIDGE,-0.137538157093824,fit,0.487503869550799
mr2009a25,MIDRIDGE,-0.102008924542057,fit,0.585176270984321
mr2009a25,MIDRIDGE,0.287656290596812,fit,0.264354298718533
mr2009a25,MIDRIDGE,1.14346738460554,fit,0.000532268209939869
mr2009a25,MIDRIDGE,2.41670130280588,fit,0.490750930000454
mr2009a26,MIDRIDGE,-0.931002404998312,fit,-0.236349114615206
mr2009a26,MIDRIDGE,-0.869211481764194,fit,0.109146040449381
mr2009a26,MIDRIDGE,-0.102008924542057,fit,0.514305004481229
mr2009a26,MIDRIDGE,2.41670130280588,fit,0.587301032871412
mr2009a27,MIDRIDGE,-0.931002404998312,fit,0.207269985098633
mr2009a27,MIDRIDGE,-0.869211481764194,fit,0.286135675395021
mr2009a27,MIDRIDGE,-0.102008924542057,fit,0.757750002278402
mr2009a27,MIDRIDGE,2.41670130280588,fit,0.590196565290427
mr2009a28,MIDRIDGE,-0.869211481764194,fit,0.215544390108333
mr2009a28,MIDRIDGE,-0.860720156882874,fit,-0.193897488710504
mr2009a28,MIDRIDGE,-0.137538157093824,fit,0.36256048244565
mr2009a28,MIDRIDGE,-0.102008924542057,fit,0.541317833503487
mr2009a29,MIDRIDGE,-0.869211481764194,fit,0.0680090529416803
mr2009a29,MIDRIDGE,-0.102008924542057,fit,0.628554401279363
mr2009a30,MIDRIDGE,-0.869211481764194,fit,0.157728278070941
mr2009a30,MIDRIDGE,-0.860720156882874,fit,-0.135329454927364
mr2009a30,MIDRIDGE,-0.218846317064471,fit,-0.296579193355052
mr2009a30,MIDRIDGE,-0.137538157093824,fit,0.306669839951238
mr2009a30,MIDRIDGE,-0.102008924542057,fit,0.629400472216664
mr2009a30,MIDRIDGE,0.287656290596812,fit,0.238349502266864
mr2009a31,MIDRIDGE,-0.869211481764194,fit,-0.193368014604581
mr2009a31,MIDRIDGE,-0.860720156882874,fit,-0.616550891486259
mr2009a31,MIDRIDGE,-0.793938400939284,fit,-0.697027839569359
mr2009a31,MIDRIDGE,-0.218846317064471,fit,-0.633227975850422
mr2009a31,MIDRIDGE,-0.137538157093824,fit,0.286254399758952
mr2009a31,MIDRIDGE,-0.102008924542057,fit,0.672679532993574
mr2009a31,MIDRIDGE,0.287656290596812,fit,-0.0340047591938424
mr2009a31,MIDRIDGE,1.14346738460554,fit,-0.181912421966812
mr2010a01,MIDRIDGE,-0.860720156882874,fit,-0.119151652097743
mr2010a01,MIDRIDGE,-0.218846317064471,fit,-0.268710201636175
mr2010a01,MIDRIDGE,-0.137538157093824,fit,0.524868722082613
mr2010a01,MIDRIDGE,0.287656290596812,fit,0.121899540837917
mr2010a03,MIDRIDGE,-0.860720156882874,fit,-0.251008235276686
mr2010a03,MIDRIDGE,-0.137538157093824,fit,0.363111253751501
mr2011a01,MIDRIDGE,-0.860720156882874,fit,-0.183128728181155
mr2011a01,MIDRIDGE,-0.793938400939284,fit,-0.585460684458145
mr2011a01,MIDRIDGE,-0.218846317064471,fit,-0.40895913021788
mr2011a01,MIDRIDGE,-0.137538157093824,fit,0.212076638964291
mr2011a01,MIDRIDGE,0.287656290596812,fit,0.0952033542041086
mr2011a01,MIDRIDGE,1.14346738460554,fit,-0.00396077357398643
mr2011a02,MIDRIDGE,-0.860720156882874,fit,-0.154353013964365
mr2011a02,MIDRIDGE,-0.218846317064471,fit,-0.423416840392104
mr2011a02,MIDRIDGE,-0.137538157093824,fit,0.239737240536627
mr2011a02,MIDRIDGE,0.287656290596812,fit,0.114611417319432
mr2011a03,MIDRIDGE,-0.860720156882874,fit,-0.172654876600135
mr2011a04,MIDRIDGE,-0.860720156882874,fit,-0.620092559505115
mr2011a04,MIDRIDGE,-0.793938400939284,fit,-0.602537546232189
mr2011a04,MIDRIDGE,-0.218846317064471,fit,-0.611515001032092
mr2011a04,MIDRIDGE,-0.137538157093824,fit,0.18185553309515
mr2011a04,MIDRIDGE,0.287656290596812,fit,0.0621426812849454
mr2011a04,MIDRIDGE,1.14346738460554,fit,-0.0504494285574603
mr2011a05,MIDRIDGE,-0.860720156882874,fit,-0.322266309296913
mr2011a06,MIDRIDGE,-0.860720156882874,fit,-0.209608919197582
mr2012a01,MIDRIDGE,-0.793938400939284,fit,-0.841213780235453
mr2012a01,MIDRIDGE,1.14346738460554,fit,-0.01028842362951
mr2012a02,MIDRIDGE,-0.793938400939284,fit,-0.699182532303796
mr2012a02,MIDRIDGE,1.14346738460554,fit,0.0792962259088296
mr2012a03,MIDRIDGE,-0.793938400939284,fit,-0.441857575150165
mr2012a03,MIDRIDGE,1.14346738460554,fit,0.00430256490995384
mr2012a04,MIDRIDGE,-0.793938400939284,fit,-0.551988131767202
mr2012a04,MIDRIDGE,1.14346738460554,fit,0.0246129794465481
mr2012a05,MIDRIDGE,-0.793938400939284,fit,-0.516750892069387
mr2012a05,MIDRIDGE,1.14346738460554,fit,0.139526954486009
mr2012a06,MIDRIDGE,-0.793938400939284,fit,-0.483717047434947
mr2012a06,MIDRIDGE,1.14346738460554,fit,-0.0336558418988134
mr2013a15,MIDRIDGE,-0.793938400939284,fit,-0.913139657772325
sc2006001,POTHILL,-0.884418561065418,fit,0.409677478031218
sc2006001,POTHILL,0.184343100283491,fit,-0.41494611217925
sc2006001,POTHILL,0.438117392043286,fit,-0.317956161879696
sc2006001,POTHILL,0.53393857057072,fit,0.525808509095985
sc2006002,POTHILL,-0.884418561065418,fit,0.351572938578817
sc2006002,POTHILL,-0.633090130007854,fit,-0.0541405273474425
sc2006002,POTHILL,-0.5212864957573,fit,-0.967334269335168
sc2006002,POTHILL,0.104788760085893,fit,-0.960631686494985
sc2006002,POTHILL,0.154186436086736,fit,0.133132139609129
sc2006002,POTHILL,0.184343100283491,fit,-0.450644497099784
sc2006002,POTHILL,0.438117392043286,fit,-0.388544094093094
sc2006002,POTHILL,0.53393857057072,fit,0.646172586538624
sc2006004,POTHILL,-0.884418561065418,fit,0.259605074381579
sc2006004,POTHILL,-0.633090130007854,fit,-0.187936386664587
sc2006004,POTHILL,-0.5212864957573,fit,-0.967975912348755
sc2006004,POTHILL,0.104788760085893,fit,-1.06453834728361
sc2006004,POTHILL,0.154186436086736,fit,-0.185389858696261
sc2006004,POTHILL,0.184343100283491,fit,-0.844939087513645
sc2006004,POTHILL,0.438117392043286,fit,-0.657777380105986
sc2006004,POTHILL,0.53393857057072,fit,0.370954364131111
sc2006007,GREY,-0.87329215180627,fit,-0.0387912090255106
sc2006007,GREY,-0.711414843649525,fit,-0.32922937118021
sc2006007,GREY,-0.586770028223432,fit,-0.52072745999547
sc2006007,GREY,-0.541325786142248,fit,0.401693623588279
sc2006007,GREY,-0.286184686276098,fit,0.303515751445631
sc2006007,GREY,-0.134641862112743,fit,0.804388675506052
sc2006007,GREY,0.0569768892041119,fit,-0.37043017249581
sc2006007,GREY,0.364493672172724,fit,0.360772321748778
sc2006008,GREY,-0.87329215180627,fit,0.103548875878411
sc2006008,GREY,-0.711414843649525,fit,-0.0931994836528229
sc2006008,GREY,-0.541325786142248,fit,0.777106669076743
sc2006008,GREY,-0.134641862112743,fit,0.810718452451367
sc2006010,GREY,-0.87329215180627,fit,0.307241505167797
sc2006010,GREY,-0.711414843649525,fit,0.018713899737531
sc2006010,GREY,-0.541325786142248,fit,0.408726416977896
sc2006010,GREY,-0.134641862112743,fit,0.759161266856038
sc2006011,GREY,-0.87329215180627,fit,0.212916230094745
sc2006011,GREY,-0.711414843649525,fit,-0.0233307609482027
sc2006011,GREY,-0.586770028223432,fit,-0.204637912398706
sc2006011,GREY,-0.541325786142248,fit,0.613511919143918
sc2006011,GREY,-0.286184686276098,fit,0.420756458112333
sc2006011,GREY,-0.134641862112743,fit,0.806276358085198
sc2006011,GREY,0.0569768892041119,fit,-0.117041425803599
sc2006011,GREY,0.364493672172724,fit,0.411354157595692
sc2006011,GREY,0.445931838971462,fit,0.155353818517336
sc2006011,GREY,0.768870910066622,fit,-0.487010074519687
sc2006011,GREY,1.03348707138204,fit,-0.6054062242087
sc2006011,GREY,2.74748114396873,fit,-0.121755976186177
sc2006015,BUCHANS,-0.884065136955062,fit,0.101122623332782
sc2006015,BUCHANS,-0.811629437018967,fit,-0.0139785490144648
sc2006015,BUCHANS,-0.733626315716431,fit,-0.356897048733283
sc2006015,BUCHANS,-0.700773782754936,fit,0.622977862440632
sc2006015,BUCHANS,-0.436651054243942,fit,-0.201588117889009
sc2006015,BUCHANS,-0.259581099935014,fit,-0.21273772820323
sc2006015,BUCHANS,0.0617909734787594,fit,-0.492388064274199
sc2006015,BUCHANS,1.27312799530581,fit,0.0692542079992767
sc2006015,BUCHANS,1.49749134951753,fit,-0.65994518059192
sc2006015,BUCHANS,2.09046349431514,fit,0.567036685529102
sc2006016,BUCHANS,-0.884065136955062,fit,0.0531155725588974
sc2006016,BUCHANS,-0.811629437018967,fit,0.425678959897827
sc2006016,BUCHANS,-0.742490619248899,fit,0.233528915788808
sc2006016,BUCHANS,-0.733626315716431,fit,-0.262757892087901
sc2006016,BUCHANS,-0.700773782754936,fit,0.558192912749139
sc2006016,BUCHANS,-0.436651054243942,fit,-0.0493508290723099
sc2006016,BUCHANS,-0.259581099935014,fit,-0.277846690536922
sc2006016,BUCHANS,0.0617909734787594,fit,-0.61445593468903
sc2006016,BUCHANS,0.262703759936053,fit,-0.114117885165788
sc2006016,BUCHANS,1.27312799530581,fit,0.084001423477307
sc2006016,BUCHANS,1.49749134951753,fit,-0.54113957295889
sc2006016,BUCHANS,2.09046349431514,fit,0.68920215137988
sc2006017,BUCHANS,-0.884065136955062,fit,0.109160436917721
sc2006017,BUCHANS,-0.811629437018967,fit,0.288607525397793
sc2006017,BUCHANS,-0.742490619248899,fit,0.307929131217464
sc2006017,BUCHANS,-0.700773782754936,fit,0.55052003918254
sc2006017,BUCHANS,-0.436651054243942,fit,-0.0646426457443478
sc2006017,BUCHANS,-0.259581099935014,fit,-0.108797677343485
sc2006017,BUCHANS,0.0617909734787594,fit,-0.528544222707917
sc2006017,BUCHANS,0.262703759936053,fit,-0.0791431821429184
sc2006017,BUCHANS,1.27312799530581,fit,-0.0560549392503385
sc2006017,BUCHANS,2.09046349431514,fit,0.64997254851178
sc2006018,BUCHANS,-0.884065136955062,fit,0.00966761319970183
sc2006018,BUCHANS,-0.811629437018967,fit,0.0783215509226656
sc2006018,BUCHANS,-0.742490619248899,fit,0.141776610648752
sc2006018,BUCHANS,-0.700773782754936,fit,0.447638291274166
sc2006018,BUCHANS,-0.259581099935014,fit,-0.297234945195927
sc2006018,BUCHANS,0.262703759936053,fit,-0.081393941426845
sc2006018,BUCHANS,1.27312799530581,fit,-0.104665315106439
sc2006018,BUCHANS,2.09046349431514,fit,0.540011764693601
sc2006019,BUCHANS,-0.884065136955062,fit,0.207205580761278
sc2006019,BUCHANS,2.09046349431514,fit,0.749890772722824
sc2006022,TOPSAILS,-0.425699438501436,fit,0.90222232951894
sc2006022,TOPSAILS,-0.368839307390154,fit,1.04263706742973
sc2006022,TOPSAILS,-0.346947366924733,fit,0.579053029072141
sc2006022,TOPSAILS,-0.307954084024136,fit,0.691443358659573
sc2006022,TOPSAILS,-0.244901547780742,fit,0.0837341988159192
sc2006022,TOPSAILS,-0.199428351466102,fit,0.167490975154888
sc2006022,TOPSAILS,-0.00349077376620167,fit,0.311050480890946
sc2006022,TOPSAILS,0.0747821473399477,fit,0.450625818386732
sc2006026,TOPSAILS,-0.425699438501436,fit,0.456383626005408
sc2006026,TOPSAILS,-0.368839307390154,fit,0.656153054089489
sc2006026,TOPSAILS,-0.346947366924733,fit,0.280796946905023
sc2006026,TOPSAILS,-0.307954084024136,fit,0.268643892005697
sc2006026,TOPSAILS,-0.244901547780742,fit,-0.300698372155272
sc2006026,TOPSAILS,-0.199428351466102,fit,-0.162131172247379
sc2006026,TOPSAILS,-0.00349077376620167,fit,-0.06288281538332
sc2006026,TOPSAILS,0.0747821473399477,fit,0.0656249782538677
sc2006028,GREY,-0.87329215180627,fit,0.267488012233125
sc2006028,GREY,-0.711414843649525,fit,0.269407137019986
sc2006028,GREY,-0.541325786142248,fit,0.466778037783246
sc2006028,GREY,-0.134641862112743,fit,0.536969198741898
sc2006036,POTHILL,-0.884418561065418,fit,0.170429286337904
sc2006036,POTHILL,-0.772644118908711,fit,-1.20996300111327
sc2006036,POTHILL,-0.633090130007854,fit,-0.0594622647499226
sc2006036,POTHILL,-0.5212864957573,fit,-0.836089258499603
sc2006036,POTHILL,0.104788760085893,fit,-0.925843697553367
sc2006036,POTHILL,0.142615011701378,fit,-0.387408385061134
sc2006036,POTHILL,0.154186436086736,fit,-0.018875590752741
sc2006036,POTHILL,0.184343100283491,fit,-0.803821287401483
sc2006036,POTHILL,0.438117392043286,fit,-0.501851690666146
sc2006036,POTHILL,0.53393857057072,fit,0.599893889503102
sc2006037,GREY,-0.87329215180627,fit,-0.051535262116366
sc2006037,GREY,-0.711414843649525,fit,-0.350303794309447
sc2006037,GREY,-0.586770028223432,fit,-0.700646360368266
sc2006037,GREY,-0.541325786142248,fit,0.596446897117023
sc2006037,GREY,-0.286184686276098,fit,0.235980995952899
sc2006037,GREY,-0.134641862112743,fit,0.696570143297727
sc2006037,GREY,0.0569768892041119,fit,-0.388179968302131
sc2006037,GREY,0.364493672172724,fit,0.227438145009715
sc2006037,GREY,0.445931838971462,fit,0.115141762534181
sc2006037,GREY,0.768870910066622,fit,-0.915346566900946
sc2006037,GREY,1.03348707138204,fit,-0.961023451468157
sc2006037,GREY,2.74748114396873,fit,-0.210073827043712
sc2006039,BUCHANS,-0.884065136955062,fit,-0.0849386516589267
sc2006039,BUCHANS,-0.811629437018967,fit,0.0797366073177969
sc2006039,BUCHANS,-0.742490619248899,fit,0.345064490886177
sc2006039,BUCHANS,-0.733626315716431,fit,-0.0932121729448432
sc2006039,BUCHANS,-0.700773782754936,fit,0.519884905882728
sc2006039,BUCHANS,-0.436651054243942,fit,0.128008189699959
sc2006039,BUCHANS,-0.259581099935014,fit,-0.745233273670646
sc2006039,BUCHANS,0.0617909734787594,fit,-0.6809218780143
sc2006039,BUCHANS,0.262703759936053,fit,-0.52141181098031
sc2006039,BUCHANS,1.27312799530581,fit,-0.372973700387119
sc2006039,BUCHANS,1.49749134951753,fit,-1.30038930760789
sc2006039,BUCHANS,2.09046349431514,fit,0.874321056279319
sc2006040,TOPSAILS,-0.425699438501436,fit,0.36640510201432
sc2006040,TOPSAILS,-0.368839307390154,fit,0.493402129999734
sc2006040,TOPSAILS,-0.00349077376620167,fit,-0.331536725213195
sc2006040,TOPSAILS,0.0747821473399477,fit,-0.196479791464906
sc2006047,GREY,-0.87329215180627,fit,0.130136193009619
sc2006047,GREY,-0.134641862112743,fit,0.719596015294837
sc2006051,GREY,-0.87329215180627,fit,-0.0924444710579327
sc2006051,GREY,-0.711414843649525,fit,-0.264196553866955
sc2006051,GREY,-0.586770028223432,fit,-0.533022893666086
sc2006051,GREY,-0.541325786142248,fit,0.344872891109674
sc2006051,GREY,-0.286184686276098,fit,0.114141733754813
sc2006051,GREY,-0.134641862112743,fit,0.404994542524455
sc2006051,GREY,0.0569768892041119,fit,-0.418344192786715
sc2006051,GREY,0.364493672172724,fit,0.090447238011128
sc2006051,GREY,0.445931838971462,fit,-0.0745753121790343
sc2006051,GREY,0.768870910066622,fit,-0.659728725867079
sc2006057,TOPSAILS,-0.425699438501436,fit,0.396097141324235
sc2006057,TOPSAILS,-0.368839307390154,fit,0.357475245334501
sc2006057,TOPSAILS,-0.346947366924733,fit,-0.0547714008873699
sc2006057,TOPSAILS,-0.307954084024136,fit,-0.0248971028179323
sc2006057,TOPSAILS,-0.244901547780742,fit,-0.743667449730882
sc2006057,TOPSAILS,-0.199428351466102,fit,-0.899520802069148
sc2006057,TOPSAILS,-0.00349077376620167,fit,-0.44546793586875
sc2006057,TOPSAILS,0.0747821473399477,fit,-0.386700667494903
sc2006060,BUCHANS,-0.884065136955062,fit,-0.309255181322066
sc2006060,BUCHANS,2.09046349431514,fit,0.505320320624414
sc2006066,LAPOILE,-0.466292301257905,fit,-0.150946598710936
sc2006066,LAPOILE,1.13367419515147,fit,0.618996613782552
sc2006067,GREY,-0.87329215180627,fit,-0.164871254031754
sc2006067,GREY,-0.711414843649525,fit,-0.236634048698312
sc2006067,GREY,-0.541325786142248,fit,0.604769753149045
sc2006067,GREY,-0.134641862112743,fit,0.725416048325287
sc2006069,GREY,-0.87329215180627,fit,0.201250395491705
sc2006069,GREY,-0.711414843649525,fit,-0.0758381558650373
sc2006069,GREY,-0.586770028223432,fit,-0.227813509289891
sc2006069,GREY,-0.541325786142248,fit,0.337668964436562
sc2006069,GREY,-0.286184686276098,fit,-0.0506585699669538
sc2006069,GREY,-0.134641862112743,fit,0.434948771649898
sc2006071,LAPOILE,-0.466292301257905,fit,-0.38227054932015
sc2006071,LAPOILE,1.13367419515147,fit,0.407748813903194
sc2006072,BUCHANS,-0.884065136955062,fit,-0.326077517595022
sc2006072,BUCHANS,-0.742490619248899,fit,0.238039720584615
sc2006072,BUCHANS,-0.733626315716431,fit,-0.0388155976495323
sc2006072,BUCHANS,-0.700773782754936,fit,0.491363302367294
sc2006072,BUCHANS,-0.436651054243942,fit,-0.00104868048024495
sc2006072,BUCHANS,0.0617909734787594,fit,-1.06119807393069
sc2006072,BUCHANS,0.262703759936053,fit,-0.368044076980633
sc2006072,BUCHANS,1.27312799530581,fit,-0.247970436936897
sc2006072,BUCHANS,1.49749134951753,fit,-1.2028318107991
sc2006072,BUCHANS,2.09046349431514,fit,0.606647779535441
sc2006076,TOPSAILS,-0.425699438501436,fit,0.178547665972403
sc2006076,TOPSAILS,-0.368839307390154,fit,0.57709050092657
sc2006076,TOPSAILS,-0.00349077376620167,fit,-0.0581014935338096
sc2006076,TOPSAILS,0.0747821473399477,fit,0.0405711173503999
sc2006079,TOPSAILS,-0.425699438501436,fit,0.292435344257657
sc2006079,TOPSAILS,-0.368839307390154,fit,0.417588179716429
sc2006079,TOPSAILS,-0.346947366924733,fit,0.275701344904779
sc2006079,TOPSAILS,-0.199428351466102,fit,-0.458190484976664
sc2006079,TOPSAILS,-0.00349077376620167,fit,-0.323027326093077
sc2006079,TOPSAILS,0.0747821473399477,fit,-0.151469751918461
sc2006080,TOPSAILS,-0.425699438501436,fit,0.372201470309292
sc2006080,TOPSAILS,-0.368839307390154,fit,0.586317624718972
sc2006080,TOPSAILS,-0.307954084024136,fit,0.339170793962634
sc2006080,TOPSAILS,-0.244901547780742,fit,-0.154653588748573
sc2006080,TOPSAILS,-0.00349077376620167,fit,-0.0966396948551756
sc2006080,TOPSAILS,0.0747821473399477,fit,0.0215495680032982
sc2006082,TOPSAILS,-0.425699438501436,fit,0.300486710893121
sc2006082,TOPSAILS,-0.368839307390154,fit,0.46703659941902
sc2006082,TOPSAILS,-0.307954084024136,fit,-0.212885797677751
sc2006082,TOPSAILS,-0.244901547780742,fit,-0.69487949538846
sc2006082,TOPSAILS,-0.00349077376620167,fit,-0.165090125855642
sc2006082,TOPSAILS,0.0747821473399477,fit,-0.0443760278625948
sc2006085,TOPSAILS,-0.425699438501436,fit,0.600263686516748
sc2006085,TOPSAILS,-0.368839307390154,fit,0.669817089231643
sc2006085,TOPSAILS,-0.346947366924733,fit,0.204662778791643
sc2006085,TOPSAILS,-0.33715254670643,fit,-0.0748853534926185
sc2006085,TOPSAILS,-0.307954084024136,fit,0.22453713968781
sc2006085,TOPSAILS,-0.244901547780742,fit,-0.429385716325294
sc2006085,TOPSAILS,-0.199428351466102,fit,-0.515243365717015
sc2006085,TOPSAILS,-0.00349077376620167,fit,-0.203029219379349
sc2006085,TOPSAILS,0.0747821473399477,fit,-0.0406010472905915
sc2006085,TOPSAILS,0.321833610121809,fit,-0.0178862772193947
sc2006085,TOPSAILS,1.21746514135567,fit,-0.926705027803936
sc2006085,TOPSAILS,3.16760088643668,fit,-1.06361723400138
sc2006086,BUCHANS,-0.884065136955062,fit,0.166307833339132
sc2006086,BUCHANS,-0.700773782754936,fit,0.469122570691437
sc2006086,BUCHANS,1.27312799530581,fit,-0.0789597715087283
sc2006086,BUCHANS,2.09046349431514,fit,0.537708769322285
sc2007002,TOPSAILS,-0.368839307390154,fit,0.56814726052131
sc2007002,TOPSAILS,0.0747821473399477,fit,-0.080916099246066
sc2007004,TOPSAILS,-0.425699438501436,fit,0.274097893510715
sc2007004,TOPSAILS,-0.368839307390154,fit,0.506307743239277
sc2007004,TOPSAILS,-0.00349077376620167,fit,-0.194659362228747
sc2007004,TOPSAILS,0.0747821473399477,fit,-0.244721848265604
sc2007006,POTHILL,-0.884418561065418,fit,-0.168540179790863
sc2007006,POTHILL,0.184343100283491,fit,-0.638821682014607
sc2007006,POTHILL,0.438117392043286,fit,-0.370864099141924
sc2007006,POTHILL,0.53393857057072,fit,0.237040720805462
sc2007007,POTHILL,-0.884418561065418,fit,0.203699452924677
sc2007007,POTHILL,0.184343100283491,fit,-0.689869248006646
sc2007007,POTHILL,0.438117392043286,fit,-0.537748268429656
sc2007007,POTHILL,0.53393857057072,fit,0.358359262582112
sc2007010,TOPSAILS,-0.425699438501436,fit,0.7249470647522
sc2007010,TOPSAILS,-0.368839307390154,fit,0.7532817700981
sc2007010,TOPSAILS,-0.346947366924733,fit,0.307184396680993
sc2007010,TOPSAILS,-0.33715254670643,fit,0.152803813383467
sc2007010,TOPSAILS,-0.307954084024136,fit,0.388119024037991
sc2007010,TOPSAILS,-0.244901547780742,fit,-0.182513761006328
sc2007010,TOPSAILS,-0.199428351466102,fit,-0.14608469211695
sc2007010,TOPSAILS,-0.00349077376620167,fit,-0.0217779901756739
sc2007010,TOPSAILS,0.0747821473399477,fit,0.169597087514731
sc2007010,TOPSAILS,1.21746514135567,fit,-0.517117718576144
sc2007012,TOPSAILS,-0.368839307390154,fit,0.464147811543966
sc2007012,TOPSAILS,0.0747821473399477,fit,-0.223791368542257
sc2007014,POTHILL,-0.884418561065418,fit,0.457790104710608
sc2007014,POTHILL,-0.772644118908711,fit,-0.957104888432881
sc2007014,POTHILL,-0.633090130007854,fit,0.141960736474828
sc2007014,POTHILL,0.104788760085893,fit,-0.613998815792887
sc2007014,POTHILL,0.142615011701378,fit,-0.243597396086828
sc2007014,POTHILL,0.184343100283491,fit,-0.359070436139298
sc2007014,POTHILL,0.438117392043286,fit,-0.122244572921329
sc2007014,POTHILL,0.53393857057072,fit,0.438760930820911
sc2007016,POTHILL,-0.884418561065418,fit,0.391379355623187
sc2007016,POTHILL,-0.633090130007854,fit,-0.0117146364333162
sc2007016,POTHILL,-0.5212864957573,fit,-0.496787212860001
sc2007016,POTHILL,0.104788760085893,fit,-0.643213937486322
sc2007016,POTHILL,0.154186436086736,fit,0.133668128822552
sc2007016,POTHILL,0.184343100283491,fit,-0.399553551554627
sc2007016,POTHILL,0.438117392043286,fit,-0.196254902976754
sc2007016,POTHILL,0.53393857057072,fit,0.470681958592782
sc2007018,POTHILL,-0.884418561065418,fit,0.326447203333381
sc2007018,POTHILL,-0.633090130007854,fit,-0.319161666882037
sc2007018,POTHILL,-0.5212864957573,fit,-0.497804700565431
sc2007018,POTHILL,0.104788760085893,fit,-0.53167036053882
sc2007018,POTHILL,0.154186436086736,fit,-0.122411265553282
sc2007018,POTHILL,0.184343100283491,fit,-0.301694802937278
sc2007018,POTHILL,0.438117392043286,fit,-0.255768874518863
sc2007018,POTHILL,0.53393857057072,fit,0.289038623036618
sc2007020,POTHILL,-0.884418561065418,fit,0.444536733773783
sc2007020,POTHILL,-0.772644118908711,fit,-1.19971697835384
sc2007020,POTHILL,-0.633090130007854,fit,-0.00186710915628532
sc2007020,POTHILL,-0.5212864957573,fit,-0.580755166878515
sc2007020,POTHILL,0.104788760085893,fit,-0.790534692494872
sc2007020,POTHILL,0.142615011701378,fit,-0.537286539915158
sc2007020,POTHILL,0.154186436086736,fit,0.277551987400521
sc2007020,POTHILL,0.184343100283491,fit,-0.527540901046223
sc2007020,POTHILL,0.438117392043286,fit,-0.306255068761449
sc2007020,POTHILL,0.53393857057072,fit,0.481647048200053
sc2007028,GREY,-0.87329215180627,fit,0.244475374183319
sc2007028,GREY,-0.711414843649525,fit,-0.00878079249926106
sc2007028,GREY,-0.586770028223432,fit,-0.164378432991528
sc2007028,GREY,-0.541325786142248,fit,0.690603139417381
sc2007028,GREY,-0.286184686276098,fit,0.300003019819732
sc2007028,GREY,-0.134641862112743,fit,0.84842911225655
sc2007028,GREY,0.0569768892041119,fit,-0.0481582238136104
sc2007028,GREY,0.364493672172724,fit,0.198378420355378
sc2007032,GREY,-0.87329215180627,fit,0.156182547300678
sc2007032,GREY,-0.711414843649525,fit,0.0951887903871034
sc2007032,GREY,-0.586770028223432,fit,-0.25615651060994
sc2007032,GREY,-0.541325786142248,fit,0.794592783437202
sc2007032,GREY,-0.286184686276098,fit,0.432685534686708
sc2007032,GREY,-0.134641862112743,fit,0.961397070803854
sc2007032,GREY,0.0569768892041119,fit,-0.231643512342292
sc2007032,GREY,0.364493672172724,fit,0.349210131761355
sc2007032,GREY,0.445931838971462,fit,0.092385102688588
sc2007032,GREY,0.768870910066622,fit,-0.482675093927503
sc2007032,GREY,1.03348707138204,fit,-0.812152132141348
sc2007032,GREY,2.74748114396873,fit,-0.14862387058715
sc2007034,POTHILL,-0.884418561065418,fit,0.321101414238125
sc2007034,POTHILL,-0.772644118908711,fit,-0.671749034407347
sc2007034,POTHILL,-0.633090130007854,fit,0.282393451488846
sc2007034,POTHILL,-0.5212864957573,fit,-0.478130947157714
sc2007034,POTHILL,0.104788760085893,fit,-0.617591965796897
sc2007034,POTHILL,0.142615011701378,fit,-0.134158119259986
sc2007034,POTHILL,0.154186436086736,fit,0.096819674308602
sc2007034,POTHILL,0.184343100283491,fit,-0.462265849999131
sc2007034,POTHILL,0.438117392043286,fit,-0.263902797416508
sc2007034,POTHILL,0.53393857057072,fit,0.603232305368337
sc2007036,BUCHANS,-0.884065136955062,fit,0.323892359038346
sc2007036,BUCHANS,-0.811629437018967,fit,0.791254777496723
sc2007036,BUCHANS,-0.742490619248899,fit,0.794743688062148
sc2007036,BUCHANS,-0.700773782754936,fit,1.05201067209604
sc2007036,BUCHANS,-0.259581099935014,fit,-0.0433022332214144
sc2007036,BUCHANS,0.262703759936053,fit,-0.0924535459620892
sc2007036,BUCHANS,1.27312799530581,fit,0.0699528695488937
sc2007036,BUCHANS,2.09046349431514,fit,0.998368899516823
sc2007038,GREY,-0.87329215180627,fit,-0.41526507517403
sc2007038,GREY,-0.711414843649525,fit,-0.529169579940442
sc2007038,GREY,-0.586770028223432,fit,-0.773698537616408
sc2007038,GREY,-0.541325786142248,fit,0.461679518174084
sc2007038,GREY,-0.286184686276098,fit,0.110272583358359
sc2007038,GREY,-0.134641862112743,fit,0.751890136577633
sc2007038,GREY,0.0569768892041119,fit,-0.732617714206282
sc2007038,GREY,0.364493672172724,fit,0.0103153109894626
sc2007038,GREY,0.445931838971462,fit,-0.0995770276499806
sc2007038,GREY,0.768870910066622,fit,-1.07350832674443
sc2007038,GREY,1.03348707138204,fit,-1.20135936269921
sc2007038,GREY,2.74748114396873,fit,-0.360564511529267
sc2007041,GREY,-0.87329215180627,fit,-0.254612201717804
sc2007041,GREY,-0.711414843649525,fit,-0.375881399327309
sc2007041,GREY,-0.586770028223432,fit,-0.678559729236102
sc2007041,GREY,-0.541325786142248,fit,0.284601289066716
sc2007041,GREY,-0.286184686276098,fit,-0.111415872343559
sc2007041,GREY,-0.134641862112743,fit,0.534497902731079
sc2007041,GREY,0.0569768892041119,fit,-0.623255074139134
sc2007041,GREY,0.364493672172724,fit,-0.00042027814745506
sc2007041,GREY,0.445931838971462,fit,-0.146950830959558
sc2007041,GREY,0.768870910066622,fit,-1.03259843500412
sc2007044,POTHILL,-0.884418561065418,fit,0.405273206641308
sc2007044,POTHILL,-0.772644118908711,fit,-0.73285312336932
sc2007044,POTHILL,-0.633090130007854,fit,-0.0577398973668426
sc2007044,POTHILL,-0.5212864957573,fit,-0.250976293981568
sc2007044,POTHILL,0.104788760085893,fit,-0.297936560572791
sc2007044,POTHILL,0.142615011701378,fit,-0.380289858679092
sc2007044,POTHILL,0.154186436086736,fit,-0.0313031455970404
sc2007044,POTHILL,0.184343100283491,fit,-0.257352274770171
sc2007044,POTHILL,0.438117392043286,fit,-0.200985384258306
sc2007044,POTHILL,0.53393857057072,fit,0.316304129391407
sc2007046,POTHILL,-0.884418561065418,fit,0.581924093453489
sc2007046,POTHILL,-0.772644118908711,fit,-1.10118971766601
sc2007046,POTHILL,-0.633090130007854,fit,0.141925291934649
sc2007046,POTHILL,-0.5212864957573,fit,-0.780146496010025
sc2007046,POTHILL,0.104788760085893,fit,-0.813971357012665
sc2007046,POTHILL,0.142615011701378,fit,-0.0782259154335039
sc2007046,POTHILL,0.154186436086736,fit,0.0786766861482121
sc2007046,POTHILL,0.184343100283491,fit,-0.601391504458126
sc2007046,POTHILL,0.438117392043286,fit,-0.46106869497982
sc2007046,POTHILL,0.53393857057072,fit,0.458943736028764
sc2007048,POTHILL,-0.884418561065418,fit,0.387438435983905
sc2007048,POTHILL,-0.633090130007854,fit,-0.0343655800091809
sc2007048,POTHILL,0.104788760085893,fit,-0.909663825810377
sc2007048,POTHILL,0.184343100283491,fit,-0.626340451355118
sc2007048,POTHILL,0.438117392043286,fit,-0.471152461418659
sc2007048,POTHILL,0.53393857057072,fit,0.381339098771284
sc2007049,TOPSAILS,-0.368839307390154,fit,0.471083740080287
sc2007049,TOPSAILS,0.0747821473399477,fit,-0.101721450479017
sc2007051,TOPSAILS,-0.425699438501436,fit,0.63763014555812
sc2007051,TOPSAILS,-0.368839307390154,fit,0.704615592409117
sc2007051,TOPSAILS,-0.346947366924733,fit,0.276868613408634
sc2007051,TOPSAILS,-0.307954084024136,fit,0.347241017032379
sc2007051,TOPSAILS,-0.244901547780742,fit,-0.251379481888575
sc2007051,TOPSAILS,-0.199428351466102,fit,-0.0481985854877933
sc2007051,TOPSAILS,-0.00349077376620167,fit,-0.22648144280768
sc2007051,TOPSAILS,0.0747821473399477,fit,0.134703325328161
sc2007054,TOPSAILS,-0.425699438501436,fit,0.497535018929083
sc2007054,TOPSAILS,-0.368839307390154,fit,0.556226353436519
sc2007054,TOPSAILS,-0.346947366924733,fit,0.10353958731723
sc2007054,TOPSAILS,-0.33715254670643,fit,-0.516013586539225
sc2007054,TOPSAILS,-0.307954084024136,fit,0.290467875284784
sc2007054,TOPSAILS,-0.244901547780742,fit,-0.623644259087191
sc2007054,TOPSAILS,-0.199428351466102,fit,-0.586886773810678
sc2007054,TOPSAILS,-0.00349077376620167,fit,-0.338010635057443
sc2007054,TOPSAILS,0.0747821473399477,fit,-0.210211264580452
sc2007054,TOPSAILS,1.21746514135567,fit,-0.91783200875688
sc2007055,LAPOILE,-1.41558176292283,fit,-0.225563726294907
sc2007055,LAPOILE,-1.30279341513061,fit,-0.417721169959574
sc2007055,LAPOILE,-0.96643076219239,fit,-0.0439676761598361
sc2007055,LAPOILE,-0.466292301257905,fit,0.0682842984100521
sc2007055,LAPOILE,-0.306450990517288,fit,-0.373900088575196
sc2007055,LAPOILE,-0.294906487771656,fit,0.1741401214292
sc2007055,LAPOILE,-0.131365826881439,fit,-0.0972567965560546
sc2007055,LAPOILE,0.397463338405822,fit,0.459924693352847
sc2007055,LAPOILE,0.433215193043556,fit,0.228863875198371
sc2007055,LAPOILE,1.13367419515147,fit,0.503211593456183
sc2007055,LAPOILE,1.82357376387646,fit,-0.683364337320144
sc2007055,LAPOILE,2.46335570743697,fit,-0.445735285506667
sc2007058,BUCHANS,-0.884065136955062,fit,0.0343745875113463
sc2007058,BUCHANS,-0.811629437018967,fit,0.378126537277703
sc2007058,BUCHANS,-0.742490619248899,fit,0.220595403532857
sc2007058,BUCHANS,-0.700773782754936,fit,0.464647830894788
sc2007058,BUCHANS,-0.259581099935014,fit,-0.334941525624673
sc2007058,BUCHANS,0.262703759936053,fit,-0.23585776672303
sc2007058,BUCHANS,1.27312799530581,fit,-0.0570147836072312
sc2007058,BUCHANS,2.09046349431514,fit,0.519177134095063
sc2007062,LAPOILE,-1.41558176292283,fit,-0.15454298736341
sc2007062,LAPOILE,-1.30279341513061,fit,-0.349580070632474
sc2007062,LAPOILE,-0.306450990517288,fit,-0.19334589959567
sc2007062,LAPOILE,-0.294906487771656,fit,0.13510762560393
sc2007062,LAPOILE,-0.131365826881439,fit,-0.115341088337913
sc2007062,LAPOILE,0.433215193043556,fit,0.0261791773251239
sc2007062,LAPOILE,1.82357376387646,fit,-0.589117077251472
sc2007062,LAPOILE,2.46335570743697,fit,-0.482020864805007
sc2007063,LAPOILE,-1.41558176292283,fit,-0.370077421518083
sc2007063,LAPOILE,-1.30279341513061,fit,-0.723974882017293
sc2007063,LAPOILE,-0.96643076219239,fit,-0.123480231312424
sc2007063,LAPOILE,-0.466292301257905,fit,0.0166104848065264
sc2007063,LAPOILE,-0.294906487771656,fit,0.0109254760109303
sc2007063,LAPOILE,0.397463338405822,fit,0.34966712931261
sc2007063,LAPOILE,0.433215193043556,fit,-0.0036631857253147
sc2007063,LAPOILE,1.13367419515147,fit,0.252615147917908
sc2007066,LAPOILE,-0.96643076219239,fit,-0.255346349229573
sc2007066,LAPOILE,-0.466292301257905,fit,0.253921105551273
sc2007066,LAPOILE,0.397463338405822,fit,0.440653925484839
sc2007066,LAPOILE,1.13367419515147,fit,0.484375429595514
sc2007067,LAPOILE,-1.41558176292283,fit,-0.249675050624079
sc2007067,LAPOILE,-1.30279341513061,fit,-0.255184214520456
sc2007067,LAPOILE,-0.96643076219239,fit,-0.136298161548031
sc2007067,LAPOILE,-0.466292301257905,fit,0.120635575725674
sc2007067,LAPOILE,-0.306450990517288,fit,-0.32369565933413
sc2007067,LAPOILE,-0.294906487771656,fit,0.1176228078148
sc2007067,LAPOILE,-0.131365826881439,fit,0.0473751347558832
sc2007067,LAPOILE,0.397463338405822,fit,0.230713185781236
sc2007067,LAPOILE,0.433215193043556,fit,0.104163305939539
sc2007067,LAPOILE,1.13367419515147,fit,0.458063018501863
sc2007067,LAPOILE,1.82357376387646,fit,-0.635552695542816
sc2007067,LAPOILE,2.46335570743697,fit,-0.498555804212763
sc2007068,LAPOILE,-0.466292301257905,fit,0.150404421190031
sc2007068,LAPOILE,1.13367419515147,fit,0.546499194122702
sc2007073,LAPOILE,-1.41558176292283,fit,-0.10344066321646
sc2007073,LAPOILE,-1.30279341513061,fit,-0.129330299226169
sc2007073,LAPOILE,-0.96643076219239,fit,0.0666562160794304
sc2007073,LAPOILE,-0.466292301257905,fit,0.176819864765927
sc2007073,LAPOILE,-0.294906487771656,fit,0.0989572649401096
sc2007073,LAPOILE,0.397463338405822,fit,0.484129602513184
sc2007073,LAPOILE,0.433215193043556,fit,0.236652301916952
sc2007073,LAPOILE,1.13367419515147,fit,0.67276875751264
sc2007074,LAPOILE,-1.41558176292283,fit,-0.143435634724792
sc2007074,LAPOILE,-1.30279341513061,fit,-0.224540029068319
sc2007074,LAPOILE,-0.96643076219239,fit,-0.0320299250964667
sc2007074,LAPOILE,-0.466292301257905,fit,0.165123185118989
sc2007074,LAPOILE,-0.306450990517288,fit,-0.43820997800137
sc2007074,LAPOILE,-0.294906487771656,fit,0.272356769954799
sc2007074,LAPOILE,-0.131365826881439,fit,-0.101028932564909
sc2007074,LAPOILE,0.397463338405822,fit,0.398907663102676
sc2007074,LAPOILE,0.433215193043556,fit,0.134475561444249
sc2007074,LAPOILE,1.13367419515147,fit,0.592043532029508
sc2007074,LAPOILE,1.82357376387646,fit,-0.634029423733695
sc2007074,LAPOILE,2.46335570743697,fit,-0.441724573268129
sc2007077,LAPOILE,-0.96643076219239,fit,-0.0921736651465201
sc2007077,LAPOILE,-0.466292301257905,fit,0.0779326049875225
sc2007077,LAPOILE,0.397463338405822,fit,0.47510594399104
sc2007077,LAPOILE,1.13367419515147,fit,0.534514592464003
sc2007079,LAPOILE,-1.41558176292283,fit,-0.0390449058032078
sc2007079,LAPOILE,-1.30279341513061,fit,-0.0949460401479353
sc2007079,LAPOILE,-0.96643076219239,fit,0.026277085042816
sc2007079,LAPOILE,-0.466292301257905,fit,0.0691848009537527
sc2007079,LAPOILE,-0.294906487771656,fit,0.189073934839156
sc2007079,LAPOILE,0.397463338405822,fit,0.722028170890594
sc2007079,LAPOILE,0.433215193043556,fit,0.256684860961417
sc2007079,LAPOILE,1.13367419515147,fit,0.573161876825421
sc2007082,LAPOILE,-0.466292301257905,fit,0.00476972013297753
sc2007082,LAPOILE,1.13367419515147,fit,0.301036692563811
sc2007085,LAPOILE,-1.41558176292283,fit,-0.464721065283072
sc2007085,LAPOILE,-1.30279341513061,fit,-0.287310128532668
sc2007085,LAPOILE,-0.96643076219239,fit,-0.0783545581099541
sc2007085,LAPOILE,-0.466292301257905,fit,0.201077820469054
sc2007085,LAPOILE,-0.294906487771656,fit,0.106357153936972
sc2007085,LAPOILE,0.397463338405822,fit,0.263011809330749
sc2007085,LAPOILE,0.433215193043556,fit,0.0560738082541857
sc2007085,LAPOILE,1.13367419515147,fit,0.395836783369093
sc2007086,LAPOILE,-1.41558176292283,fit,-0.0424212501046444
sc2007086,LAPOILE,-1.30279341513061,fit,-0.26876747336027
sc2007086,LAPOILE,-0.96643076219239,fit,0.083525739729929
sc2007086,LAPOILE,-0.466292301257905,fit,0.165006736546459
sc2007086,LAPOILE,-0.294906487771656,fit,0.297745977396087
sc2007086,LAPOILE,0.397463338405822,fit,0.380121457227257
sc2007086,LAPOILE,0.433215193043556,fit,0.112970831742763
sc2007086,LAPOILE,1.13367419515147,fit,0.57098130158422
sc2007090,GREY,-0.87329215180627,fit,-0.111952379325518
sc2007090,GREY,-0.711414843649525,fit,-0.211904628803163
sc2007090,GREY,-0.586770028223432,fit,-0.476484329176864
sc2007090,GREY,-0.541325786142248,fit,0.269650350805883
sc2007090,GREY,-0.286184686276098,fit,-0.080808556124072
sc2007090,GREY,-0.134641862112743,fit,0.316781227210922
sc2007090,GREY,0.0569768892041119,fit,-0.390251188395078
sc2007090,GREY,0.364493672172724,fit,0.0579226534987798
sc2007092,LAPOILE,-0.466292301257905,fit,0.19179525492017
sc2007092,LAPOILE,1.13367419515147,fit,0.508876519487568
sc2007094,TOPSAILS,0.0747821473399477,fit,-0.0800764863463648
sc2007096,TOPSAILS,-0.425699438501436,fit,0.50270958851877
sc2007096,TOPSAILS,-0.368839307390154,fit,0.48785166613916
sc2007096,TOPSAILS,-0.346947366924733,fit,0.129735180495903
sc2007096,TOPSAILS,-0.33715254670643,fit,-0.185125273052751
sc2007096,TOPSAILS,-0.307954084024136,fit,0.293065856452809
sc2007096,TOPSAILS,-0.244901547780742,fit,-0.875289281036542
sc2007096,TOPSAILS,-0.199428351466102,fit,-0.681339413801836
sc2007096,TOPSAILS,-0.00349077376620167,fit,-0.163520069213387
sc2007096,TOPSAILS,0.0747821473399477,fit,-0.509412718342996
sc2007096,TOPSAILS,1.21746514135567,fit,-1.16905641991633
sc2007100,BUCHANS,-0.884065136955062,fit,0.218055408814932
sc2007100,BUCHANS,-0.700773782754936,fit,0.531301787853528
sc2007100,BUCHANS,1.27312799530581,fit,0.0765531281242037
sc2007100,BUCHANS,2.09046349431514,fit,0.653653808369719
sc2009001,LAPOILE,-1.41558176292283,fit,-0.0767547694358128
sc2009001,LAPOILE,-1.30279341513061,fit,-0.113400013374782
sc2009001,LAPOILE,-0.306450990517288,fit,-0.205191049724561
sc2009001,LAPOILE,-0.294906487771656,fit,0.235488376156496
sc2009001,LAPOILE,-0.131365826881439,fit,-0.0513842564210733
sc2009001,LAPOILE,0.433215193043556,fit,0.157311749946025
sc2009001,LAPOILE,1.82357376387646,fit,-0.64397237706831
sc2009001,LAPOILE,2.46335570743697,fit,-0.440456315103227
sc2009002,TOPSAILS,-0.346947366924733,fit,0.199626810050276
sc2009002,TOPSAILS,-0.307954084024136,fit,0.24566628148795
sc2009002,TOPSAILS,-0.244901547780742,fit,-0.516261106988273
sc2009002,TOPSAILS,-0.199428351466102,fit,-0.502353935858213
sc2009003,TOPSAILS,-0.307954084024136,fit,0.0759899975956524
sc2009003,TOPSAILS,-0.244901547780742,fit,-0.478890375518406
sc2009004,TOPSAILS,-0.346947366924733,fit,0.121455678136007
sc2009004,TOPSAILS,-0.307954084024136,fit,0.130174900917523
sc2009004,TOPSAILS,-0.244901547780742,fit,-0.623299405798142
sc2009004,TOPSAILS,-0.199428351466102,fit,-0.698080353767488
sc2009005,TOPSAILS,-0.346947366924733,fit,0.217588398448061
sc2009005,TOPSAILS,-0.33715254670643,fit,-0.103786990369089
sc2009005,TOPSAILS,-0.307954084024136,fit,0.126722475785108
sc2009005,TOPSAILS,-0.244901547780742,fit,-0.52043214008942
sc2009005,TOPSAILS,-0.199428351466102,fit,-0.458379332635926
sc2009005,TOPSAILS,1.21746514135567,fit,-0.613146566442976
sc2009006,LAPOILE,-1.41558176292283,fit,-0.160551366878695
sc2009006,LAPOILE,-1.30279341513061,fit,-0.184136205047939
sc2009006,LAPOILE,-0.294906487771656,fit,0.189933726214491
sc2009006,LAPOILE,0.433215193043556,fit,0.0952216597213068
sc2009007,BUCHANS,-0.811629437018967,fit,-0.0777979026851837
sc2009007,BUCHANS,-0.742490619248899,fit,0.0265816312739628
sc2009007,BUCHANS,-0.733626315716431,fit,-0.430686140852643
sc2009007,BUCHANS,-0.436651054243942,fit,-0.274087414543553
sc2009007,BUCHANS,-0.259581099935014,fit,-0.522964258668253
sc2009007,BUCHANS,0.0617909734787594,fit,-0.73805943801638
sc2009007,BUCHANS,0.262703759936053,fit,-0.201830560639904
sc2009007,BUCHANS,1.49749134951753,fit,-0.688178954189137
sc2009008,BUCHANS,-0.811629437018967,fit,0.238347778013779
sc2009008,BUCHANS,-0.259581099935014,fit,-0.13093231564961
sc2009010,BUCHANS,-0.811629437018967,fit,0.499521621518905
sc2009010,BUCHANS,-0.742490619248899,fit,0.279427017506608
sc2009010,BUCHANS,-0.733626315716431,fit,-0.00962229200056595
sc2009010,BUCHANS,-0.436651054243942,fit,0.0205816352190087
sc2009010,BUCHANS,-0.259581099935014,fit,-0.176138263172878
sc2009010,BUCHANS,0.0617909734787594,fit,-0.537333737105642
sc2009010,BUCHANS,0.262703759936053,fit,-0.193272226950418
sc2009010,BUCHANS,1.49749134951753,fit,-0.548574924919188
sc2009011,TOPSAILS,-0.346947366924733,fit,0.345138968452799
sc2009011,TOPSAILS,-0.33715254670643,fit,0.0558318975361829
sc2009011,TOPSAILS,-0.307954084024136,fit,0.458799358309713
sc2009011,TOPSAILS,-0.244901547780742,fit,-0.262963558280781
sc2009011,TOPSAILS,-0.199428351466102,fit,-0.176475547472815
sc2009011,TOPSAILS,0.321833610121809,fit,-0.108114851739669
sc2009011,TOPSAILS,1.21746514135567,fit,-0.606737967897416
sc2009011,TOPSAILS,3.16760088643668,fit,-0.754197828750248
sc2009012,TOPSAILS,-0.346947366924733,fit,0.238071829908774
sc2009012,TOPSAILS,-0.33715254670643,fit,0.0257381785975212
sc2009012,TOPSAILS,-0.307954084024136,fit,0.360603780714486
sc2009012,TOPSAILS,-0.244901547780742,fit,-0.397498294964489
sc2009012,TOPSAILS,-0.199428351466102,fit,-0.30316860044545
sc2009012,TOPSAILS,0.321833610121809,fit,-0.188787179267475
sc2009012,TOPSAILS,1.21746514135567,fit,-0.627324371904983
sc2009012,TOPSAILS,3.16760088643668,fit,-0.811320127180214
sc2010006,TOPSAILS,-0.346947366924733,fit,0.0308365645458025
sc2010006,TOPSAILS,-0.199428351466102,fit,-0.880466727245991
